姓名,机构,省市,领域,地址
"陈建峰',",北京化工大学,北京市,海洋能源,北京市朝阳区北三环东路15号
"邓运华',",中国海洋石油总公司,北京市,石油勘探技术,北京市东城区朝阳门北大街25号
"丁一汇',",国家气象中心,北京市,海洋预报,暂无
"姜景山',",中国科学院微波遥感技术重点实验室,北京市,遥感,北京市海淀区中关村南二条一号　
"蒋兴伟',",国家卫星海洋应用中心,北京市,卫星遥感,北京海淀大慧寺八号
"周守为',",中国海洋石油总公司,北京市,海洋石油,北京市东城区朝阳门北大街25号
"蔡怡',",国家海洋环境预报中心,北京市,海洋气候预测,北京海淀大慧寺八号
"陈峰',",北京大学,北京市,微藻生物技术,北京市海淀区颐和园路5号
"陈书海',",中国船舶重工集团公司第七一四研究所,北京市,船体,北京市科荟路55号院1号楼
"陈新华',",中国科学院声学研究所,北京市,水声工程,北京市海淀区北四环西路21号
"陈幸荣',",国家海洋环境预报中心,北京市,大尺度海气相互作用,北京海淀大慧寺八号
"陈永顺',",北京大学,北京市,海洋地球物理学,北京市海淀区颐和园路5号
"党福星',",中国国土资源航空物探遥感中心,北京市,军事气象水文,北京市海淀区学院路31号航空物探遥感中心
"董剑希',",国家海洋环境预报中心,北京市,风暴潮预报与研究,北京市海淀区大慧寺8号
"杜云燕',",中科院地理所,北京市,水声工程,北京市朝阳区大屯路甲11号
"方念乔',",中国矿业大学(北京),北京市,海底构造与海洋地球物理,北京市海淀区学院路丁11号
"冯师军',",中国科学院声学研究所,北京市,信号与信息处理,北京市海淀区北四环西路21号
"高鹏',",中国科学院声学研究所,北京市,水声工程,北京市海淀区北四环西路21号
"高之国',",自然资源部海洋发展战略研究所,北京市,海洋法律,暂无
"郭良浩',",中国科学院声学研究所,北京市,水声工程,北京市海淀区北四环西路21号
"郝春江',",国家海洋环境预报中心,北京市,数据管理及作业流程管理,北京海淀大慧寺八号
"郝天珧',",中国科学院地质与地球物理研究所,北京市,水声工程,北京市朝阳区北土城西路19号
"胡敏',",北京大学,北京市,海洋地质环境,北京市海淀区颐和园路5号
"黄海宁',",中国科学院声学研究所,北京市,声学工程,北京市海淀区北四环西路21号
"黄进',",中国标准化研究院,北京市,标准化研究,北京市海淀区知春路4号
"黄勇',",中国科学院声学研究所,北京市,信号处理,北京市海淀区北四环西路21号
"黄占斌',",中国矿业大学(北京),北京市,生态学与环境生物技术,北京市海淀区学院路丁11号
"贾宇',",自然资源部海洋发展战略研究所,北京市,海洋法律,北京市丰台区马官营家园三号　
"姜家俊',",中海油新能源投资有限公司,北京市,暂无,北京市朝阳区酒仙桥路乙21号国宾大厦16A室
"金灿荣',",中国人民大学,北京市,海洋管理,暂无
"兰友昌',",国家海洋环境预报中心,北京市,物理海洋，海洋水文,北京海淀大慧寺八号
"李宝辉',",国家海洋环境预报中心,北京市,物理海洋，海洋水文,北京海淀大慧寺八号
"李本霞',",国家海洋环境预报中心,北京市,海浪预报及预报技术研究,北京海淀大慧寺八号
"李程',",中航工业北京长城计量测试技术研究所,北京市,计量检测,北京市海淀区航材大道环山村108号
"李春花',",国家海洋环境预报中心,北京市,海冰预报与研究,北京海淀大慧寺八号
"李法新',",北京大学,北京市,海洋地球物理学,北京市海淀区颐和园路5号
"李风华',",中国科学院声学研究所,北京市,信号与信息处理,北京市海淀区北四环西路21号
"李海',",国家海洋环境预报中心,北京市,物理海洋，海洋水文,北京海淀大慧寺八号
"李诗民',",国家海洋环境预报中心,北京市,物理海洋，海洋水文,北京海淀大慧寺八号
"李淑秋',",中国科学院声学研究所,北京市,水声工程,北京市海淀区北四环西路21号
"李燕',",国家海洋环境预报中心,北京市,三维温盐流预报,北京海淀大慧寺八号
"李宇',",中国科学院声学研究所,北京市,信号与信息处理,北京市海淀区北四环西路21号
"李泽椿',",国家气象中心,北京市,海洋化学,北京市中关村南大街46号
"李整林',",中国科学院声学研究所,北京市,水声工程,北京市海淀区北四环西路21号
"李志强',",国家海洋环境预报中心,北京市,海洋气象预报,北京海淀大慧寺八号
"林明森',",国家卫星海洋应用中心,北京市,海洋卫星及其应用,北京海淀大慧寺八号
"林鹏',",中科院理化技术研究所,北京市,低温温度测量,北京市海淀区中关村东路29号
"林涛',",北京市环保监测中心,北京市,水质检验,北京市海淀区车公庄西路14号
"林志环',",国家海洋环境预报中心,北京市,计算机网络的应用及管理,北京海淀大慧寺八号
"凌铁军',",国家海洋环境预报中心,北京市,气候数值模式应用,北京海淀大慧寺八号
"刘桂梅',",国家海洋环境预报中心,北京市,三维温盐流预报,北京海淀大慧寺八号
"刘宏伟',",中国科学院声学研究所,北京市,固体力学,北京市海淀区北四环西路21号
"刘纪元',",中国科学院声学研究所,北京市,信号处理,北京市海淀区北四环西路21号
"刘建强',",国家卫星海洋应用中心,北京市,海洋卫星及其应用,北京海淀大慧寺八号
"刘钦政',",自然资源部海洋减灾中心,北京市,海洋科学,北京市海淀区七王坟北路6号
"刘青松',",中国科学院地质与地球物理研究所,北京市,水声工程,北京市朝阳区北土城西路19号
"刘文',",水利发展研究中心,北京市,海洋化学,北京市玉渊潭南路3号
"刘煜',",国家海洋环境预报中心,北京市,海冰预报及预报技术研究,北京海淀大慧寺八号
"刘征涛',",中国环境科学研究院,北京市,军事气象水文,北京市朝阳区安外北苑大羊坊8号
"马超飞',",国家卫星海洋应用中心,北京市,海洋卫星及其应用,北京海淀大慧寺八号
"马吉增',",中国原子能科学院,北京市,辐射监测,北京市房山区新镇原子能科学研究院
"马力',",中国科学院声学研究所,北京市,水声物理,北京市海淀区北四环西路21号
"马晓川',",中国科学院声学研究所,北京市,信号处理,北京市海淀区北四环西路21号
"马燕合',",科技部社会发展科技司,北京市,海洋化学,北京市复兴路乙15号
"梅山',",国家海洋环境预报中心,北京市,海洋资料同化,北京海淀大慧寺八号
"孟上',",国家海洋环境预报中心,北京市,极地气象预报与研究,北京海淀大慧寺八号
"庞忠和',",中国科学院地质与地球物理研究所,北京市,水声工程,北京市朝阳区北土城西路19号
"彭爱武',",中国科学院电工研究所,北京市,并网及独立运行风力发电,北京市海淀区中关村北二条六号
"彭朝晖',",中国科学院声学研究所,北京市,信号处理,北京市海淀区北四环西路21号
"彭海龙',",国家卫星海洋应用中心,北京市,遥感定标,北京海淀大慧寺八号
"乔然',",国家海洋环境预报中心,北京市,海洋资料同化,北京海淀大慧寺八号
"任建国',",国家自然科学基金委员会地球科学部,北京市,海洋化学,北京市海淀区双清路83号
"史文杰',",中国航天科工集团三院8358所,北京市,光电技术,北京市丰台区云岗北区西里1号
"宋海斌',",中国科学院地质与地球物理研究所,北京市,水声工程,北京市朝阳区北土城西路19号
"宋学家',",国家海洋环境预报中心,北京市,物理海洋，海洋水文,北京海淀大慧寺八号
"宋豫秦',",北京大学,北京市,海洋地质环境,北京市海淀区颐和园路5号
"苏奋振',",中科院地理科学与资源研究所,北京市,海岸带开发利用遥感与地理信息,北京市朝阳区大屯路甲11号
"孙长瑜',",中国科学院声学研究所,北京市,水声物理,北京市海淀区北四环西路21号
"孙从容',",国家卫星海洋应用中心,北京市,海洋卫星工程,北京海淀大慧寺八号
"孙贵青',",中国科学院声学研究所,北京市,水声物理,北京市海淀区北四环西路21号
"汤万金',",中国标准化研究院,北京市,海洋标准化研究,北京市海淀区知春路4号
"滕骏华',",国家海洋环境预报中心,北京市,海洋环境资料处理方法研究、业务化数据处理流程建设、数据质量控制方法研究、产品开发制作、相关标准与规范的制修定等,北京海淀大慧寺八号
"万莉颖',",国家海洋环境预报中心,北京市,海洋环流数值预报,北京海淀大慧寺八号
"王长红',",中国科学院声学研究所,北京市,水声物理,北京市海淀区北四环西路21号
"王芳',",自然资源部海洋发展战略研究所,北京市,海洋政策与管理,暂无
"王海斌',",中国科学院声学研究所,北京市,信号与信息处理,北京市海淀区北四环西路21号
"王辉',",国家海洋环境预报中心,北京市,物理海洋学,北京海淀大慧寺八号
"王其茂',",国家卫星海洋应用中心,北京市,海洋卫星工程,北京海淀大慧寺八号
"王秀明',",中国科学院声学研究所,北京市,信号与信息处理,北京市海淀区北四环西路21号
"王旭',",国家海洋环境预报中心,北京市,三维温盐流预报,北京海淀大慧寺八号
"王毅',",国家海洋环境预报中心,北京市,物理海洋学,北京海淀大慧寺八号
"王彰贵',",国家海洋环境预报中心,北京市,物理海洋学,北京海淀大慧寺八号
"王正伟',",清华大学,北京市,环境工程,北京市海淀区清华大学
"魏立新',",国家海洋环境预报中心,北京市,物理海洋学,北京海淀大慧寺八号
"吴朝东',",北京大学,北京市,海洋地球物理学,北京市海淀区颐和园路5号
"吴皓',",中科院大气物理研究所,北京市,大气探测与大气遥感,暂无
"吴淑萍',",国家海洋环境预报中心,北京市,海浪预报与科研工作,北京海淀大慧寺八号
"吴晓磊',",北京大学,北京市,环境微生物,北京市海淀区颐和园路5号
"肖钢',",中海油研究总院新能源研究中心,北京市,暂无,北京市昌平区未来科技城东路与英才南三街交叉口
"谢春华',",国家卫星海洋应用中心,北京市,卫星系统工程,北京海淀大慧寺八号
"许淙',",国家海洋环境预报中心,北京市,极地海洋气象研究预报,北京海淀大慧寺八号
"许富祥',",国家海洋环境预报中心,北京市,物理海洋，海洋水文,北京海淀大慧寺八号
"许洪华',",中国科学院电工研究所,北京市,并网及独立运行风力发电,北京市海淀区中关村北二条六号
"鄢社锋',",中国科学院声学研究所,北京市,水声工程,北京市海淀区北四环西路21号
"杨平',",中国计量科学研究院,北京市,声学计量,北京市朝阳区北三环东路18号
"杨校生',",中国农业机械工业协会风力机械分会,北京市,可再生能源工程开发,暂无
"杨学联',",国家海洋环境预报中心,北京市,业务化数值天气预报,北京海淀大慧寺八号
"杨义先',",北京邮电大学,北京市,信息工程,暂无
"要茂盛',",北京大学,北京市,海洋地质环境,北京市海淀区颐和园路5号
"尹力',",中国科学院声学研究所,北京市,水声工程,北京市海淀区北四环西路21号
"游小宝',",总参大气环境研究所,北京市,物理海洋，海洋水文,北京市朝阳区华严北里６６号
"于福江',",国家海洋环境预报中心,北京市,物理海洋，海洋水文,北京海淀大慧寺八号
"余华兵',",中国科学院声学研究所,北京市,信号与信息处理,北京市海淀区北四环西路21号
"余',",国家海洋环境预报中心,北京市,高性能计算机系统,北京海淀大慧寺八号
"余宙文',",国家海洋环境预报中心,北京市,物理海洋，海洋水文,北京海淀大慧寺八号
"张海文',",自然资源部海洋发展战略研究所,北京市,海洋法律,北京市丰台区马官营家园三号　
"张建华',",国家海洋环境预报中心,北京市,物理海洋，海洋水文,北京海淀大慧寺八号
"张健',",中国科学院大学,北京市,辐射监测,北京市石景山区玉泉路19号（甲）
"张林',",国家海洋环境预报中心,北京市,极地天气,北京海淀大慧寺八号
"张启文',",国家海洋环境预报中心,北京市,物理海洋，海洋水文,北京海淀大慧寺八号
"张仁和',",中国科学院声学研究所,北京市,水声工程,北京市海淀区北四环西路21号
"张瑞峰',",国家海洋环境预报中心,北京市,计算机与网络系统,北京海淀大慧寺八号
"张彤',",国家海洋环境预报中心,北京市,天气动力,北京海淀大慧寺八号
"张向军',",中国科学院声学研究所,北京市,水声工程,北京市海淀区北四环西路21号
"张信荣',",北京大学,北京市,工程热物理与可再生能源,北京市海淀区颐和园路5号
"张永良',",清华大学,北京市,环境工程,北京市海淀区清华大学
"张有广',",国家卫星海洋应用中心,北京市,海洋遥感应用,北京海淀大慧寺八号
"张蕴斐',",国家海洋环境预报中心,北京市,物理海洋，海洋水文,北京海淀大慧寺八号
"张志博',",中国科学院声学研究所,北京市,水声工程,北京市海淀区北四环西路21号
"仉天宇',",国家海洋环境预报中心,北京市,物理海洋，海洋水文,北京海淀大慧寺八号
"赵华章',",北京大学,北京市,环境工程,北京市海淀区颐和园路5号
"郑玫',",北京大学,北京市,海洋化学,北京市海淀区颐和园路5号
"周广庆',",中科院大气物理研究所,北京市,暂无,北京市朝阳区北辰西路华严里40号楼
"周力平',",北京大学,北京市,海洋地质环境,北京市海淀区颐和园路5号
"朱怀球',",北京大学,北京市,生物信息学,北京市海淀区颐和园路5号
"朱江',",中科院大气物理研究所,北京市,物理海洋，海洋水文,北京市朝阳区北辰西路华严里40号楼
"邹斌',",国家卫星海洋应用中心,北京市,海洋遥感应用,北京海淀大慧寺八号
"邹亚荣',",国家卫星海洋应用中心,北京市,海洋遥感应用,北京海淀大慧寺八号
"张庆君',",中国航天科技集团有限公司,北京市,遥感卫星,北京市海淀区阜成路16号
"徐洵',",自然资源部第三海洋研究所,福建省,海洋无脊椎动物免疫,福建省厦门市大学路178号
"陈彬',",自然资源部第三海洋研究所,福建省,海洋生态保护与生态评价研究,福建省厦门市大学路178号
"陈昌生',",集美大学,福建省,海洋生物,福建省厦门市集美区银江路185号
"陈朝华',",自然资源部第三海洋研究所,福建省,海洋生态保护与生态评价研究,福建省厦门市大学路178号
"陈国强',",集美大学,福建省,海洋资源可持续利用,福建省厦门市集美区银江路185号
"陈坚',",自然资源部第三海洋研究所,福建省,海洋地质,福建省厦门市大学路178号
"陈建明',",自然资源部第三海洋研究所,福建省,海洋活性物质,福建省厦门市大学路178号
"陈岚',",福建海洋研究所,福建省,海洋生物,福建省厦门市湖里区东渡海山路30号
"陈衍顺',",福建省水产设计院,福建省,海洋环境监测与评价,福建省福州市鼓楼区华林路201号
"池信才',",厦门市海洋与渔业局,福建省,海洋生物学,福建省厦门市长青路191号
"丁菁',",福建省海洋环境与渔业资源监测中心,福建省,海洋环境监测与评价,福建省福州市冶山路26
"丁少雄',",厦门大学,福建省,海洋动物种质鉴定,福建省厦门市思明南路422号
"丁跃潮',",集美大学,福建省,海洋资源可持续利用,福建省厦门市集美区银江路185号
"董云伟',",厦门大学,福建省,全球变化与潮间带生物学,福建省厦门市思明南路422号
"方少华',",福建海洋研究所,福建省,海洋生物,福建省厦门市湖里区东渡海山路30号
"高爱国',",厦门大学,福建省,全球变化与环境保护,福建省厦门市思明南路422号
"高树基',",厦门大学,福建省,地球化学,福建省厦门市思明南路422号
"高众勇',",自然资源部第三海洋研究所,福建省,极区海洋大气化学,福建省厦门市大学路178号
"顾海峰',",自然资源部第三海洋研究所,福建省,浮游植物,福建省厦门市大学路178号
"郭明忠',",福建省水产研究所,福建省,水产加工,福建省厦门市湖里区海山路7号
"郭卫东',",厦门大学,福建省,海洋化学,福建省厦门市思明南路422号
"郭占荣',",厦门大学,福建省,地球化学,福建省厦门市思明南路422号
"何宏舟',",集美大学,福建省,海洋资源可持续利用,福建省厦门市集美区银江路185号
"何建华',",自然资源部第三海洋研究所,福建省,海洋同位素化学研究与应用,福建省厦门市大学路178号
"洪碧红',",自然资源部第三海洋研究所,福建省,新药开发与产业化,福建省厦门市大学路178号
"洪建胜',",福建海洋研究所,福建省,海洋生物,福建省厦门市湖里区东渡海山路30号
"洪万树',",厦门大学,福建省,鱼类生理生态学,福建省厦门市思明南路422号
"洪专',",自然资源部第三海洋研究所,福建省,海洋药物,福建省厦门市大学路178号
"胡毅',",自然资源部第三海洋研究所,福建省,海洋地质地球物理,福建省厦门市大学路178号
"黄邦钦',",厦门大学,福建省,海洋生态学,福建省厦门市思明南路422号
"黄东仁',",福建省海洋环境与渔业资源监测中心,福建省,海洋环境监测与评价,福建省福州市冶山路26
"黄发明',",自然资源部第三海洋研究所,福建省,海域规划,福建省厦门市大学路178号
"黄桂芳',",福建省水产研究所,福建省,渔业设施与装备研究,福建省厦门市湖里区海山路7号
"黄健',",福建省水产技术推广总站,福建省,海洋生物,福建省福州市鼓楼区西洪路555号
"黄金良',",厦门大学,福建省,港湾水环境,福建省厦门市思明南路422号
"黄凌风',",厦门大学,福建省,海洋生态学,福建省厦门市思明南路422号
"黄瑞芳',",福建省水产研究所,福建省,海洋生物,福建省厦门市湖里区海山路7号
"黄种持',",福建省水产研究所,福建省,海洋生物,福建省厦门市湖里区海山路7号
"暨卫东',",自然资源部第三海洋研究所,福建省,海洋化学,福建省厦门市大学路178号
"靖春生',",自然资源部第三海洋研究所,福建省,物理海洋学,福建省厦门市大学路178号
"柯才焕',",厦门大学,福建省,海洋防污技术,福建省厦门市思明南路422号
"雷怀彦',",厦门大学,福建省,海洋矿产与油气资源,福建省厦门市思明南路422号
"李荣茂',",福建省海洋环境与渔业资源监测中心,福建省,海洋生物,福建省福州市冶山路26
"李少菁',",厦门大学,福建省,海洋生物学,福建省厦门市思明南路422号
"李文权',",厦门大学,福建省,海洋化学,福建省厦门市思明南路422号
"梁红星',",福建海洋研究所,福建省,海洋生物,福建省厦门市湖里区东渡海山路30号
"林法玲',",福建省海洋预报台,福建省,海洋观测预报,福建省福州市冶山路26
"林桂兰',",自然资源部第三海洋研究所,福建省,海域开发与保护政策与管理技术研究,福建省厦门市大学路178号
"林国清',",福建省水产技术推广总站,福建省,海洋生物,福建省福州市鼓楼区西洪路555号
"林海华',",福建省海洋预报台,福建省,海洋观测预报,福建省福州市冶山路26
"林辉',",自然资源部第三海洋研究所,福建省,海洋化学,福建省厦门市大学路178号
"林龙山',",自然资源部第三海洋研究所,福建省,渔业资源、海洋生物多样性,福建省厦门市大学路178号
"林茂',",自然资源部第三海洋研究所,福建省,海洋浮游生物研究,福建省厦门市大学路178号
"林奇',",自然资源部第三海洋研究所,福建省,分析化学,福建省厦门市大学路178号
"林琪',",福建省水产研究所,福建省,海洋生物分子生物学,福建省厦门市湖里区海山路7号
"林荣澄',",自然资源部第三海洋研究所,福建省,近岸珊瑚生理学,福建省厦门市大学路178号
"林瑞才',",厦门市海洋与渔业局,福建省,海洋科研项目管理,福建省厦门市长青路191号
"林祥志',",自然资源部第三海洋研究所,福建省,海洋生物资源开发,福建省厦门市大学路178号
"林元烧',",厦门大学,福建省,海洋浮游生物学,福建省厦门市思明南路422号
"林越赳',",福建省水产研究所,福建省,海洋生物,福建省厦门市湖里区海山路7号
"刘春荣',",福建省水产设计院,福建省,海洋环境监测与评价,福建省福州市鼓楼区华林路201号
"刘敏',",厦门大学,福建省,海洋鱼类生物学,福建省厦门市思明南路422号
"刘智禹',",福建省水产研究所,福建省,海洋活性物质开发,福建省厦门市湖里区海山路7号
"卢俊杰',",福建省水产研究所,福建省,海洋测绘,福建省厦门市湖里区海山路7号
"罗冬莲',",福建省水产研究所,福建省,海洋生态环境监测与研究,福建省厦门市湖里区海山路7号
"罗津晶',",厦门大学,福建省,海洋环境工程,福建省厦门市思明南路422号
"罗美雪',",福建海洋研究所,福建省,海洋生物,福建省厦门市湖里区东渡海山路30号
"马丽',",自然资源部第三海洋研究所,福建省,环境影响评价、海洋工程生态效应评估、海岸带综合管理技术研究,福建省厦门市大学路178号
"马平',",福建省水产技术推广总站,福建省,海洋生物,福建省福州市鼓楼区西洪路555号
"潘爱军',",自然资源部第三海洋研究所,福建省,南海陆架物理海洋学,福建省厦门市大学路178号
"彭国均',",集美大学,福建省,观测调查监测与信息,福建省厦门市集美区银江路185号
"阮建萍',",福建省水产设计院,福建省,海洋环境监测与评价,福建省福州市鼓楼区华林路201号
"沈长春',",福建省水产研究所,福建省,水产病害,福建省厦门市湖里区海山路7号
"苏国强',",福建省水产研究所,福建省,海洋生物生态,福建省厦门市湖里区海山路7号
"苏永全',",厦门大学,福建省,海洋生物资源开发与应用,福建省厦门市思明南路422号
"苏跃中',",福建省海洋环境与渔业资源监测中心,福建省,海洋环境监测与评价,福建省福州市冶山路26
"汤军健',",自然资源部第三海洋研究所,福建省,海洋水文水动力,厦门市大学路178号海洋三所地质室
"唐旭',",自然资源部第三海洋研究所,福建省,海洋生物资源开发利用,福建省厦门市大学路178号
"汪少芸',",福州大学,福建省,功能食品与食品生物技术研究,福建省福州市福州地区大学新区学园路2号
"王爱军',",自然资源部第三海洋研究所,福建省,海洋沉积学,福建省厦门市思明区大学路178号
"王春生',",厦门市海洋与渔业局,福建省,海洋科研项目管理,福建省厦门市长青路191号
"王德祥',",厦门大学,福建省,海洋底栖生物学,福建省厦门市思明南路422号
"王桂忠',",厦门大学,福建省,海水养殖与浮游生物学,福建省厦门市思明南路422号
"王海燕',",自然资源部第三海洋研究所,福建省,海洋化学,福建省厦门市大学路178号
"王金坑',",自然资源部第三海洋研究所,福建省,海洋化学,福建省厦门市大学路178号
"王军',",厦门大学,福建省,海洋生物资源开发与应用,福建省厦门市思明南路422号
"王文卿',",厦门大学,福建省,红树林湿地生态学,福建省厦门市思明南路422号
"王新红',",厦门大学,福建省,潮汐潮流和海洋环流研究 海洋环境数值模拟,福建省厦门市思明南路422号
"翁宇斌',",福建海洋研究所,福建省,海洋生物,福建省厦门市湖里区东渡海山路30号
"翁祖桐',",福建省水产技术推广总站,福建省,海洋生物,福建省福州市鼓楼区西洪路555号
"吴成业',",福建省水产研究所,福建省,水产加工,福建省厦门市湖里区海山路7号
"吴日升',",自然资源部第三海洋研究所,福建省,物理海洋学,福建省厦门市大学路178号
"吴维登',",自然资源部第三海洋研究所,福建省,波浪理论,福建省厦门市大学路178号
"许晨',",自然资源部第三海洋研究所,福建省,生物资源利用技术,福建省厦门市大学路178号
"许建中',",自然资源部第三海洋研究所,福建省,生物资源利用技术,福建省厦门市大学路178号
"许江',",自然资源部第三海洋研究所,福建省,地球物理工程,福建省厦门市大学路178号
"许金电',",自然资源部第三海洋研究所,福建省,物理海洋学,福建省厦门市大学路178号
"许昆灿',",自然资源部第三海洋研究所,福建省,海洋化学,福建省厦门市大学路178号
"许永安',",福建省水产研究所,福建省,水产加工,福建省厦门市湖里区海山路7号
"严重玲',",厦门大学,福建省,潮汐潮流和海洋环流研究 海洋环境数值模拟,福建省厦门市思明南路422号
"颜尤明',",福建省水产研究所,福建省,海洋生物生态,福建省厦门市湖里区海山路7号
"杨丰',",自然资源部第三海洋研究所,福建省,对虾病毒研究,福建省厦门市大学路178号
"杨神化',",集美大学,福建省,海洋资源可持续利用,福建省厦门市集美区银江路185号
"杨圣云',",厦门大学,福建省,海洋生物学,福建省厦门市思明南路422号
"杨盛昌',",厦门大学,福建省,潮汐潮流和海洋环流研究 海洋环境数值模拟,福建省厦门市思明南路422号
"杨顺良',",福建海洋研究所,福建省,规划及海洋能开发设计,福建省厦门市湖里区东渡海山路30号
"杨燕明',",自然资源部第三海洋研究所,福建省,海洋声学与遥感,福建省厦门市大学路178号
"杨章武',",福建省水产研究所,福建省,海洋生物,福建省厦门市湖里区海山路7号
"姚翠鸾',",集美大学,福建省,海洋生物,福建省厦门市集美区银江路185号
"叶海辉',",厦门大学,福建省,甲壳类分子生物学,福建省厦门市思明南路422号
"易瑞灶',",自然资源部第三海洋研究所,福建省,海洋药物,福建省厦门市大学路178号
"尹明端',",自然资源部第三海洋研究所,福建省,放射化学,福建省厦门市大学路178号
"尹卫平',",自然资源部第三海洋研究所,福建省,海洋生物,福建省厦门市大学路178号
"游宇',",福建省水产技术推广总站,福建省,海洋生物,福建省福州市鼓楼区西洪路555号
"游远新',",福建省水产研究所,福建省,海洋工程勘察,福建省厦门市湖里区海山路7号
"于东生',",自然资源部第三海洋研究所,福建省,物理海洋、海岸动力学,福建省厦门市大学路178号
"于涛',",自然资源部第三海洋研究所,福建省,海洋资源环境评估,福建省厦门市思明区大学路184号
"余兴光',",自然资源部第三海洋研究所,福建省,海岸带综合管理,福建省厦门市大学路178号
"曾庆民',",福建省水产研究所,福建省,海洋生物,福建省厦门市湖里区海山路7号
"曾润颖',",自然资源部第三海洋研究所,福建省,海洋生物酶工程,福建省厦门市大学路178号
"曾银东',",福建省海洋预报台,福建省,海洋预报,福建省福州市冶山路26
"曾志南',",福建省水产研究所,福建省,海洋生物,福建省厦门市湖里区海山路7号
"詹兴旺',",自然资源部第三海洋研究所,福建省,海洋生物酶工程,福建省厦门市大学路178号
"张彩云',",厦门大学,福建省,卫星海洋学,福建省厦门市思明南路422号
"张澄茂',",福建省水产研究所,福建省,水产病害,福建省厦门市湖里区海山路7号
"张春晓',",集美大学,福建省,海洋生物,福建省厦门市集美区银江路185号
"张钒',",福建海洋研究所,福建省,规划及海洋能开发设计,福建省厦门市湖里区东渡海山路30号
"张继伟',",自然资源部第三海洋研究所,福建省,海洋环境管理,福建省厦门市大学路178号
"张军',",自然资源部第三海洋研究所,福建省,海岸水文动力数值模拟,福建省厦门市大学路178号
"张珞平',",厦门大学,福建省,卫星海洋学,福建省厦门市思明南路422号
"张农',",福建省水产研究所,福建省,海洋生态环境监测与研究,福建省厦门市湖里区海山路7号
"张文静',",厦门大学,福建省,甲壳类分子生物学,福建省厦门市思明南路422号
"张影',",福建海洋研究所,福建省,规划及海洋能开发设计,福建省厦门市湖里区东渡海山路30号
"张勇',",厦门大学,福建省,潮汐潮流和海洋环流研究 海洋环境数值模拟,福建省厦门市思明南路422号
"张宇',",厦门大学,福建省,物理海洋，海洋水文,福建省厦门市思明南路422号
"张玉生',",自然资源部第三海洋研究所,福建省,海洋生物生态,福建省厦门市大学路178号
"张元标',",自然资源部第三海洋研究所,福建省,海洋化学,福建省厦门市大学路178号
"张远辉',",自然资源部第三海洋研究所,福建省,海洋化学,福建省厦门市大学路178号
"张跃平',",福建海洋研究所,福建省,海洋生物,福建省厦门市湖里区东渡海山路30号
"郑爱榕',",厦门大学,福建省,近岸港湾营养要素与污染物调查,福建省厦门市思明南路422号
"郑承忠',",福建海洋研究所,福建省,海洋生物,福建省厦门市湖里区东渡海山路30号
"郑国富',",福建省水产研究所,福建省,水产加工,福建省厦门市湖里区海山路7号
"钟建兴',",福建省水产研究所,福建省,水产养殖与遗传育种,福建省厦门市湖里区海山路7号
"钟硕良',",福建省水产研究所,福建省,海洋化学,福建省厦门市湖里区海山路7号
"周宸',",福建省水产研究所,福建省,水产病害,福建省厦门市湖里区海山路7号
"朱建明',",自然资源部第三海洋研究所,福建省,医药工程,暂无
"朱健康',",福建省水产研究所,福建省,海洋化学,福建省厦门市湖里区海山路7号
"祝茜',",自然资源部第三海洋研究所,福建省,海洋动物的保护生物学,福建省厦门市大学路178号
"张',",中国科学院南海海洋研究所,广东省,海洋科学工程,广东省广州市海珠区新港西路164号
"白植悌',",中交广州航道局,广东省,港航设计专业,广东省广州市海珠区沥蚵298号
"蔡建东',",自然资源部南海局,广东省,海洋环境监测与评价,广东省广州市海珠区新港中路353号
"蔡树群',",中国科学院南海海洋研究所,广东省,海水综合养殖模式,广东省广州市海珠区新港西路164号
"蔡文贵',",中国水产科学研究院南海水产研究所,广东省,渔业生态系统,广东省深圳市龙岗区大碓村83号
"蔡扬',",自然资源部南海局,广东省,海洋水文调查研究及信息开发,广东省广州市海珠区新港中路353号
"蔡中华',",清华大学深圳研究生院,广东省,鱼类免疫学,广东省深圳市西丽镇深圳大学城清华校区B栋201室
"陈偿',",中国科学院南海海洋研究所,广东省,海洋生物活性物质,广东省广州市海珠区新港西路164号
"陈道毅',",清华大学深圳研究生院,广东省,水生生物学,广东省深圳市西丽镇深圳大学城清华校区B栋201室
"陈国宝',",中国水产科学研究院南海水产研究所,广东省,水产品加工与质量安全控制,广东省深圳市龙岗区大碓村83号
"陈国能',",中山大学,广东省,大陆边缘地质学,广东省广州市新港西路135号
"陈洁',",广州海洋地质调查局,广东省,固体地球物理,广东省广州市环市东路477号
"陈美珍',",汕头大学,广东省,食品生物技术教学,广东省汕头市大学路243号
"陈丕茂',",中国水产科学研究院南海水产研究所,广东省,水产品加工与质量安全控制,广东省深圳市龙岗区大碓村83号
"陈巧弟',",自然资源部南海局,广东省,海洋环境监测与评价,广东省广州市海珠区新港中路353号
"陈胜军',",中国水产科学研究院南海水产研究所,广东省,水产品加工与质量安全控制,广东省深圳市龙岗区大碓村83号
"陈素文',",中国水产科学研究院南海水产研究所,广东省,水产品加工与质量安全控制,广东省深圳市龙岗区大碓村83号
"陈伟洲',",汕头大学,广东省,大型海藻生物学与生态学研究,广东省汕头市大学路243号
"陈严',",汕头大学,广东省,工程物理,广东省汕头市大学路243号
"陈永青',",中国水产科学研究院南海水产研究所,广东省,水产品加工与质量安全控制,广东省深圳市龙岗区大碓村83号
"陈子',",中山大学,广东省,河口与近岸海洋环境演变,广东省广州市新港西路135号
"邓利',",深圳大学生命科学学院(深圳大学生命与海洋科学学院),广东省,海洋生物学,广东省深圳市南山区南海大道3688号
"邓孺孺',",中山大学,广东省,海洋遥感与大气环境遥感,广东省广州市新港西路135号
"邓松',",自然资源部南海局,广东省,海洋水文调查研究及信息开发,广东省广州市海珠区新港中路353号
"邓希光',",广州海洋地质调查局,广东省,地球化学,广东省广州市环市东路477号
"邓旭',",深圳大学生命科学学院(深圳大学生命与海洋科学学院),广东省,生物催化的理论及应用研究,广东省深圳市南山区南海大道3688号
"刁石强',",中国水产科学研究院南海水产研究所,广东省,水产品加工与质量安全控制,广东省深圳市龙岗区大碓村83号
"丁兰平',",汕头大学,广东省,海洋生物学,广东省汕头市大学路243号
"丁贤',",中国水产科学研究院南海水产研究所,广东省,水产品加工与质量安全控制,广东省深圳市龙岗区大碓村83号
"董晓慧',",广东海洋大学,广东省,海洋可再生能源,广东省湛江市麻章区海大路1号
"董燕红',",自然资源部南海局,广东省,海洋生物生态,广东省广州市海珠区新港中路353号
"窦金来',",自然资源部南海局,广东省,海洋水文气象观测,广东省广州市海珠区新港中路353号
"杜飞雁',",中国水产科学研究院南海水产研究所,广东省,水产品加工与质量安全控制,广东省深圳市龙岗区大碓村83号
"杜虹',",汕头大学,广东省,海洋生物,广东省汕头市大学路243号
"杜岩',",中国科学院南海海洋研究所,广东省,海洋环流与海气相互作用,广东省广州市海珠区新港西路164号
"冯娟',",中国水产科学研究院南海水产研究所,广东省,水产病害防治,广东省深圳市龙岗区大碓村83号
"冯伟忠',",自然资源部南海局,广东省,海洋环境分析与预报,广东省广州市海珠区新港中路353号
"冯砚青',",自然资源部南海局,广东省,物理海洋，海洋水文,广东省广州市海珠区新港中路353号
"甘居利',",中国水产科学研究院南海水产研究所,广东省,水产病害防治,广东省深圳市龙岗区大碓村83号
"高昊',",暨南大学,广东省,海洋生物活性物质,广东省广州市黄埔大道西601号
"龚文平',",中山大学,广东省,河口海岸学,广东省广州市新港西路135号
"关志斌',",自然资源部南海局,广东省,海洋环境仪器应用与维护,广东省广州市海珠区新港中路353号
"郭根喜',",中国水产科学研究院南海水产研究所,广东省,渔业装备与工程,广东省深圳市龙岗区大碓村83号
"郭志勋',",中国水产科学研究院南海水产研究所,广东省,水产病害防治,广东省深圳市龙岗区大碓村83号
"韩维栋',",广东海洋大学,广东省,海洋生态,广东省湛江市麻章区海大路1号
"郝淑贤',",中国水产科学研究院南海水产研究所,广东省,水产病害防治,广东省深圳市龙岗区大碓村83号
"何高文',",广州海洋地质调查局,广东省,矿物学岩石学矿床学,广东省广州市环市东路477号
"何桂芳',",自然资源部南海局,广东省,海洋沉积物,广东省广州市海珠区新港中路353号
"何建国',",中山大学,广东省,水生经济动物病原分子生物学,广东省广州市新港西路135号
"何毛贤',",中国科学院南海海洋研究所,广东省,海洋生物,广东省广州市海珠区新港西路164号
"何水原',",广州海洋地质调查局,广东省,电子信息工程,广东省广州市环市东路477号
"何一金',",自然资源部南海局,广东省,海洋气象水文资料数据库开发,广东省广州市海珠区新港中路353号
"何远胜',",自然资源部南海局,广东省,海洋监测与调查,广东省广州市海珠区新港中路353号
"洪义国',",中国科学院南海海洋研究所,广东省,海洋微生物氮循环,广东省广州市海珠区新港西路164号
"胡超群',",中国科学院南海海洋研究所,广东省,海洋生物,广东省广州市海珠区新港西路164号
"胡章立',",深圳大学生命科学学院(深圳大学生命与海洋科学学院),广东省,海洋生物资源利用,广东省深圳市南山区南海大道3688号
"胡忠',",汕头大学,广东省,海洋环境污染及其修复,广东省汕头市大学路243号
"黄楚光',",自然资源部南海局,广东省,海洋环境监测与评价,广东省广州市海珠区新港中路353号
"黄根华',",自然资源部南海局,广东省,海洋环境监测与评价,广东省广州市海珠区新港中路353号
"黄洪辉',",中国水产科学研究院南海水产研究所,广东省,水产病害防治,广东省深圳市龙岗区大碓村83号
"黄晖',",中国科学院南海海洋研究所,广东省,珊瑚礁生态与生物学,广东省广州市海珠区新港西路164号
"黄建华',",中国水产科学研究院南海水产研究所,广东省,水产病害防治,广东省深圳市龙岗区大碓村83号
"黄健子',",深圳大学生命科学学院(深圳大学生命与海洋科学学院),广东省,植物分子生物学,广东省深圳市南山区南海大道3688号
"黄平',",中山大学,广东省,水资源与水环境研究,广东省广州市新港西路135号
"黄巧珍',",自然资源部南海局,广东省,海洋化学,广东省广州市海珠区新港中路353号
"黄小平',",中国科学院南海海洋研究所,广东省,海洋环境与生态保护,广东省广州市海珠区新港西路164号
"贾后磊',",自然资源部南海局,广东省,海洋环境影响与海域管理研究,广东省广州市海珠区新港中路353号
"贾晓平',",中国水产科学研究院南海水产研究所,广东省,水产病害防治,广东省深圳市龙岗区大碓村83号
"简纪常',",广东海洋大学,广东省,海洋生态,广东省湛江市麻章区海大路1号
"江世贵',",中国水产科学研究院南海水产研究所,广东省,海水养殖与遗传育种,广东省深圳市龙岗区大碓村83号
"江四义',",自然资源部南海局,广东省,海洋环境调查研究与管理,广东省广州市海珠区新港中路353号
"江天久',",暨南大学,广东省,水生生物学,广东省广州市黄埔大道西601号
"姜仕军',",暨南大学,广东省,古海洋学,广东省广州市黄埔大道西601号
"蒋跃进',",自然资源部南海局,广东省,海洋环境监测与评价,广东省广州市海珠区新港中路353号
"金辉',",中山大学,广东省,海洋水资源的利用与开发,广东省广州市新港西路135号
"居占杰',",广东海洋大学,广东省,经济学,广东省湛江市麻章区海大路1号
"柯东胜',",自然资源部南海局,广东省,海洋环境化学与海洋生物生态,广东省广州市海珠区新港中路353号
"黎伟标',",中山大学,广东省,河口与近岸海域水环境模拟研究,广东省广州市新港西路135号
"黎祖福',",中山大学,广东省,海洋增养殖,广东省广州市新港西路135号
"李安兴',",中山大学,广东省,海水养殖动物病害防控,广东省广州市新港西路135号
"李彩',",中国科学院南海海洋研究所,广东省,海洋微生物氮循环,广东省广州市海珠区新港西路164号
"李朝晖',",暨南大学,广东省,深海高速光通信系统,广东省广州市黄埔大道西601号
"李纯厚',",中国水产科学研究院南海水产研究所,广东省,海水养殖与遗传育种,广东省深圳市龙岗区大碓村83号
"李广丽',",广东海洋大学,广东省,经济学,广东省湛江市麻章区海大路1号
"李桂峰',",中山大学,广东省,海水养殖与海洋生物资源保护及利用,广东省广州市新港西路135号
"李宏业',",暨南大学,广东省,微藻基因工程,广东省广州市黄埔大道西601号
"李洪才',",自然资源部南海局,广东省,风暴潮预报及数值模拟,广东省广州市海珠区新港中路353号
"李厚金',",中山大学,广东省,海洋生物活性物质,广东省广州市新港西路135号
"李辉',",深圳大学生命科学学院(深圳大学生命与海洋科学学院),广东省,生物催化的理论及应用研究,广东省深圳市南山区南海大道3688号
"李辉权',",广东省海洋与渔业厅,广东省,海洋渔业资源环境,广东省广州市海珠区南村路10号
"李加儿',",中国水产科学研究院南海水产研究所,广东省,海水养殖与遗传育种,广东省深圳市龙岗区大碓村83号
"李来好',",中国水产科学研究院南海水产研究所,广东省,水产品加工与质量控制,广东省深圳市龙岗区大碓村83号
"李荔',",深圳大学生命科学学院(深圳大学生命与海洋科学学院),广东省,分子生物学研究,广东省深圳市南山区南海大道3688号
"李刘冬',",中国水产科学研究院南海水产研究所,广东省,水产品质量控制,广东省深圳市龙岗区大碓村83号
"李莎',",中国科学院南海海洋研究所,广东省,海洋数据库,广东省广州市海珠区新港西路164号
"李升康',",汕头大学,广东省,海洋生物,广东省汕头市大学路243号
"李适宇',",中山大学,广东省,河口与近岸海域水环境模拟研究,广东省广州市新港西路135号
"李团结',",自然资源部南海局,广东省,海底构造与海洋地球物理,广东省广州市海珠区新港中路353号
"李武全',",自然资源部南海局,广东省,海洋化学,广东省广州市海珠区新港中路353号
"李向明',",广东海洋大学,广东省,水产养殖,暂无
"李晓帆',",深圳大学生命科学学院(深圳大学生命与海洋科学学院),广东省,分子生物学研究,广东省深圳市南山区南海大道3688号
"李绪录',",自然资源部南海局,广东省,海底构造与海洋地球物理,广东省广州市海珠区新港中路353号
"李学杰',",广州海洋地质调查局,广东省,海底构造与海洋地球物理,广东省广州市环市东路477号
"李远友',",汕头大学,广东省,海洋生物,广东省汕头市大学路243号
"李卓佳',",中国水产科学研究院南海水产研究所,广东省,水产品质量控制,广东省深圳市龙岗区大碓村83号
"林迪洋',",自然资源部南海局,广东省,物理海洋，海洋水文,广东省广州市海珠区新港中路353号
"林钢',",中山大学,广东省,海洋药物,广东省广州市新港西路135号
"林浩然',",中山大学,广东省,水产生物学,广东省广州市新港西路135号
"林黑着',",中国水产科学研究院南海水产研究所,广东省,水产品质量控制,广东省深圳市龙岗区大碓村83号
"林明裕',",自然资源部南海局,广东省,海洋化学,广东省广州市海珠区新港中路353号
"林强',",中国科学院南海海洋研究所,广东省,海洋药源珍稀动物行为与进化,广东省广州市海珠区新港西路164号
"林钦',",中国水产科学研究院南海水产研究所,广东省,水产品质量控制,广东省深圳市龙岗区大碓村83号
"林小涛',",暨南大学,广东省,水生生物学,广东省广州市黄埔大道西601号
"林永成',",中山大学,广东省,天然产物化学,广东省广州市新港西路135号
"凌长明',",广东海洋大学,广东省,工程物理,广东省湛江市麻章区海大路1号
"刘春莲',",中山大学,广东省,珠江口盆地新生代地质,广东省广州市新港西路135号
"刘春杉',",广东省海洋与渔业厅,广东省,海洋测绘,广东省广州市海珠区南村路10号
"刘付永忠',",广东省水产技术推广总站,广东省,海洋生物,广东省广州市南村路20
"刘刚',",深圳大学生命科学学院(深圳大学生命与海洋科学学院),广东省,应用微生物学,广东省深圳市南山区南海大道3688号
"刘汉智',",自然资源部南海局,广东省,海洋信息自动化技术,广东省广州市海珠区新港中路353号
"刘华忠',",广东海洋大学,广东省,海洋生物,广东省湛江市麻章区海大路1号
"刘洁生',",暨南大学,广东省,潮汐潮流和海洋环流研究 海洋环境数值模拟,广东省广州市黄埔大道西601号
"刘琼',",深圳大学生命科学学院(深圳大学生命与海洋科学学院),广东省,生物化学与分子生物学,广东省深圳市南山区南海大道3688号
"刘士德',",深圳大学生命科学学院(深圳大学生命与海洋科学学院),广东省,生物化学与分子生物学,广东省深圳市南山区南海大道3688号
"刘文华',",汕头大学,广东省,海洋生物,广东省汕头市大学路243号
"刘文勇',",自然资源部南海局,广东省,海洋测绘,广东省广州市海珠区新港中路353号
"刘晓春',",中山大学,广东省,水生生物学,广东省广州市新港西路135号
"刘杨',",汕头大学,广东省,天然药用活性成分分离,广东省汕头市大学路243号
"刘永宏',",中国科学院南海海洋研究所,广东省,海洋药物,广东省广州市海珠区新港西路164号
"刘玉',",中山大学,广东省,海洋生态学,广东省广州市新港西路135号
"刘昀',",深圳大学生命科学学院(深圳大学生命与海洋科学学院),广东省,植物逆境分子生物学,广东省深圳市南山区南海大道3688号
"刘振湖',",广州海洋地质调查局,广东省,石油地质勘探,广东省广州市环市东路477号
"刘志刚',",广东海洋大学,广东省,海洋生物,广东省湛江市麻章区海大路1号
"刘柱',",汕头大学,广东省,海洋微生物资源收集与利用,广东省汕头市大学路243号
"娄全胜',",自然资源部南海局,广东省,遥感及GIS在海洋管理应用及规划,广东省广州市海珠区新港中路353号
"鲁义善',",广东海洋大学,广东省,海洋生物,广东省湛江市麻章区海大路1号
"陆超华',",广东省海洋与渔业厅,广东省,海洋环境监测与评价,广东省广州市海珠区南村路10号
"吕宝凤',",中山大学,广东省,有机地球化学,广东省广州市新港西路135号
"吕国敏',",中国水产科学研究院南海水产研究所,广东省,水产品质量控制,广东省深圳市龙岗区大碓村83号
"吕慧',",中山大学,广东省,海洋水资源的利用与开发,广东省广州市新港西路135号
"吕颂辉',",暨南大学,广东省,海洋生态学,广东省广州市黄埔大道西601号
"栾天罡',",中山大学,广东省,有机地球化学,广东省广州市新港西路135号
"马隆龙',",中国科学院广州能源研究所,广东省,生物质能,广东省广州市天河区五山能源路2号
"马申达',",广州海洋地质调查局,广东省,水文地质,广东省广州市环市东路477号
"马毅',",自然资源部南海局,广东省,海洋预报减灾,广东省广州市海珠区新港中路353号
"梅志平',",汕头大学,广东省,海洋生物学,广东省汕头市大学路243号
"莫如喜',",自然资源部南海局,广东省,海洋水文气象,广东省广州市海珠区新港中路353号
"钮智旺',",自然资源部南海局,广东省,物理海洋与海洋信息管理,广东省广州市海珠区新港中路353号
"欧阳东',",暨南大学,广东省,海洋矿产资源利用,广东省广州市黄埔大道西601号
"庞冀燕',",中山大学,广东省,海洋药物,广东省广州市新港西路135号
"彭昆仑',",自然资源部南海局,广东省,海洋生物研究,广东省广州市海珠区新港中路353号
"彭世球',",中国科学院南海海洋研究所,广东省,物理海洋，海洋水文,广东省广州市海珠区新港西路164号
"漆淑华',",中国科学院南海海洋研究所,广东省,海洋生物,广东省广州市海珠区新港西路164号
"秦启伟',",中国科学院南海海洋研究所,广东省,海洋生物学,广东省广州市海珠区新港西路164号
"邱丽华',",中国水产科学研究院南海水产研究所,广东省,水产品质量控制,广东省深圳市龙岗区大碓村83号
"邱燕',",广州海洋地质调查局,广东省,海底构造与海洋地球物理,广东省广州市环市东路477号
"邱永松',",中国水产科学研究院南海水产研究所,广东省,水产品质量控制,广东省深圳市龙岗区大碓村83号
"区又君',",中国水产科学研究院南海水产研究所,广东省,水产品质量控制,广东省深圳市龙岗区大碓村83号
"尚晓东',",中国科学院南海海洋研究所,广东省,海洋生物学,广东省广州市海珠区新港西路164号
"佘志刚',",中山大学,广东省,海洋药物,广东省广州市新港西路135号
"沈立明',",深圳大学生命科学学院(深圳大学生命与海洋科学学院),广东省,蛋白质组学、海洋化学,广东省深圳市南山区南海大道3688号
"施平',",中国科学院南海海洋研究所,广东省,海洋生物,广东省广州市海珠区新港西路164号
"石萍',",自然资源部南海局,广东省,海洋环境保护,广东省广州市海珠区新港中路353号
"石琼',",深圳华大基因研究院,广东省,水生生物学,广东省深圳市盐田区北山道136
"舒杰',",中国科学院广州能源研究所,广东省,电力电子及控制技术,广东省广州市天河区五山能源路2号
"宋萍萍',",自然资源部南海局,广东省,海洋环境预报与灾害评估预测,广东省广州市海珠区新港中路353号
"宋启东',",自然资源部南海局,广东省,水文气象,广东省广州市海珠区新港中路353号
"宋文东',",广东海洋大学,广东省,海洋生物,广东省湛江市麻章区海大路1号
"孙成波',",广东海洋大学,广东省,海洋生物,广东省湛江市麻章区海大路1号
"孙翠慈',",中国科学院南海海洋研究所,广东省,海洋环境生态,广东省广州市海珠区新港西路164号
"孙典荣',",中国水产科学研究院南海水产研究所,广东省,水产品质量控制,广东省深圳市龙岗区大碓村83号
"孙恢礼',",中国科学院南海海洋研究所,广东省,海洋高值产品及其绿色技术开发,广东省广州市海珠区新港西路164号
"孙珍',",中国科学院南海海洋研究所,广东省,边缘海形成演化,广东省广州市海珠区新港西路164号
"谭烨辉',",中国科学院南海海洋研究所,广东省,海洋生物,广东省广州市海珠区新港西路164号
"汤顺清',",暨南大学,广东省,海洋生物材料,广东省广州市黄埔大道西601号
"唐丹玲',",中国科学院南海海洋研究所,广东省,海洋环境生态遥感,广东省广州市海珠区新港西路164号
"陶启友',",中国水产科学研究院南海水产研究所,广东省,海水设施养殖,广东省深圳市龙岗区大碓村83号
"陶伟',",自然资源部南海局,广东省,海洋环境监测与评价,广东省广州市海珠区新港中路353号
"田新朋',",中国科学院南海海洋研究所,广东省,海洋微生物资源及生态,广东省广州市海珠区新港西路164号
"王斌会',",暨南大学,广东省,统计学,广东省广州市黄埔大道西601号
"王朝晖',",暨南大学,广东省,海洋生态学,广东省广州市黄埔大道西601号
"王发左',",中国科学院南海海洋研究所,广东省,海洋微生物资源及生态,广东省广州市海珠区新港西路164号
"王华接',",广东省海洋与渔业厅,广东省,海洋环境监测与评价,广东省广州市海珠区南村路10号
"王辉',",广东海洋大学,广东省,海洋生物,广东省湛江市麻章区海大路1号
"王建华',",中山大学,广东省,海洋沉积学,广东省广州市新港西路135号
"王江勇',",中国水产科学研究院南海水产研究所,广东省,水产病害防治,广东省深圳市龙岗区大碓村83号
"王立岩',",深圳大学生命科学学院(深圳大学生命与海洋科学学院),广东省,海洋微生物活性成分研究,广东省深圳市南山区南海大道3688号
"王平',",自然资源部南海局,广东省,遥感与测绘,广东省广州市海珠区新港中路353号
"王素芬',",中国科学院南海海洋研究所,广东省,海洋遥感与生态环境,广东省广州市海珠区新港西路164号
"王友绍',",中国科学院南海海洋研究所,广东省,海洋环境与生态学,广东省广州市海珠区新港西路164号
"王云新',",广东省水生动物疫病预防控制中心,广东省,海洋生物,广东省广州市海珠区滨江中路296号自编2号
"温宁',",广州海洋地质调查局,广东省,石油物探,广东省广州市环市东路477号
"温小波',",汕头大学,广东省,海洋生物,广东省汕头市大学路243号
"吴必军',",中国科学院广州能源研究所,广东省,海洋可再生能源利用,广东省广州市天河区五山能源路2号
"吴迪生',",自然资源部南海局,广东省,海洋环境预报研究,广东省广州市海珠区新港中路353号
"吴海强',",深圳大学生命科学学院(深圳大学生命与海洋科学学院),广东省,天然产物活性成分鉴定,广东省深圳市南山区南海大道3688号
"吴加学',",中山大学,广东省,物理海洋学,广东省广州市新港西路135号
"吴建中',",暨南大学,广东省,水产品加工与水产品质量安全控制,广东省广州市黄埔大道西601号
"吴开畅',",中国水产科学研究院南海水产研究所,广东省,水产病害防治,广东省深圳市龙岗区大碓村83号
"吴梅林',",中国科学院南海海洋研究所,广东省,海洋生物地球化学循环,广东省广州市海珠区新港西路164号
"吴能友',",中国科学院广州能源研究所,广东省,地球化学,广东省广州市天河区五山能源路2号
"吴玉萍',",中山大学,广东省,海洋生物学,广东省广州市新港西路135号
"吴灶和',",仲恺农业工程学院,广东省,海洋生物,广东省广州市白云区广新路388号
"夏华永',",自然资源部南海局,广东省,遥感及GIS在海洋管理应用及规划,广东省广州市海珠区新港中路353号
"谢健',",自然资源部南海局,广东省,海洋化学,广东省广州市海珠区新港中路353号
"谢强',",中国科学院南海海洋研究所,广东省,物理海洋学,广东省广州市海珠区新港西路164号
"谢仕义',",广东海洋大学,广东省,海洋生物,广东省湛江市麻章区海大路1号
"徐汉文',",自然资源部南海局,广东省,海洋环境监测与评价,广东省广州市海珠区新港中路353号
"徐宏',",深圳大学生命科学学院(深圳大学生命与海洋科学学院),广东省,海洋化学,广东省深圳市南山区南海大道3688号
"徐明芳',",暨南大学,广东省,水产品加工与水产品质量安全控制,广东省广州市黄埔大道西601号
"徐石海',",暨南大学,广东省,水产品加工与水产品质量安全控制,广东省广州市黄埔大道西601号
"徐向荣',",中国科学院南海海洋研究所,广东省,海洋生物地球化学循环,广东省广州市海珠区新港西路164号
"徐晓峰',",深圳大学生命科学学院(深圳大学生命与海洋科学学院),广东省,植物学,广东省深圳市南山区南海大道3688号
"徐行',",广州海洋地质调查局,广东省,地球物理勘探,广东省广州市环市东路477号
"许东晖',",中山大学,广东省,海洋生物新药研究,广东省广州市新港西路135号
"许鹤华',",中国科学院南海海洋研究所,广东省,海底构造与海洋地球物理,广东省广州市海珠区新港西路164号
"续旭',",深圳大学生命科学学院(深圳大学生命与海洋科学学院),广东省,海洋药学,广东省深圳市南山区南海大道3688号
"严金辉',",自然资源部南海局,广东省,物理海洋，海洋水文,广东省广州市海珠区新港中路353号
"严岩',",中国科学院南海海洋研究所,广东省,海洋生物生态学,广东省广州市海珠区新港西路164号
"阎贫',",中国科学院南海海洋研究所,广东省,地球物理、海洋地质油气,广东省广州市海珠区新港西路164号
"颜文',",中国科学院南海海洋研究所,广东省,海洋环境地球化学,广东省广州市海珠区新港西路164号
"杨顶田',",中国科学院南海海洋研究所,广东省,海洋生物地球化学循环,广东省广州市海珠区新港西路164号
"杨吝',",中国水产科学研究院南海水产研究所,广东省,水产病害防治,广东省深圳市龙岗区大碓村83号
"杨清书',",中山大学,广东省,河口海岸学,广东省广州市新港西路135号
"杨胜雄',",广州海洋地质调查局,广东省,海底构造与海洋地球物理,广东省广州市环市东路477号
"杨维东',",暨南大学,广东省,水产品加工与水产品质量安全控制,广东省广州市黄埔大道西601号
"杨贤庆',",中国水产科学研究院南海水产研究所,广东省,水产品加工与质量控制,广东省深圳市龙岗区大碓村83号
"杨阳',",自然资源部南海局,广东省,物理海洋，海洋水文,广东省广州市海珠区新港中路353号
"杨莺莺',",中国水产科学研究院南海水产研究所,广东省,水产品加工与质量控制,广东省深圳市龙岗区大碓村83号
"杨宇峰',",暨南大学,广东省,水产品加工与水产品质量安全控制,广东省广州市黄埔大道西601号
"杨缜',",深圳大学生命科学学院(深圳大学生命与海洋科学学院),广东省,生物催化的理论及应用研究,广东省深圳市南山区南海大道3688号
"姚新生',",暨南大学,广东省,海洋生物活性物质,广东省广州市黄埔大道西601号
"姚永坚',",广州海洋地质调查局,广东省,石油与天然气地质,广东省广州市环市东路477号
"叶春青',",自然资源部南海局,广东省,海洋水文气象,广东省广州市海珠区新港中路353号
"叶家玮',",华南理工大学,广东省,海洋生物,广东省广州市天河区五山路381号
"叶乐',",中国水产科学研究院南海水产研究所,广东省,水产品加工与质量控制,广东省深圳市龙岗区大碓村83号
"易梅生',",中山大学,广东省,海洋科学与环境保护,广东省广州市新港西路135号
"殷波',",中国科学院南海海洋研究所,广东省,海洋生物地球化学循环,广东省广州市海珠区新港西路164号
"殷克东',",中山大学,广东省,海洋科学与环境保护,广东省广州市新港西路135号
"尹平河',",暨南大学,广东省,污染物治理新技术,广东省广州市黄埔大道西601号
"游亚戈',",中国科学院广州能源研究所,广东省,地球化学,广东省广州市天河区五山能源路2号
"于斌',",自然资源部南海局,广东省,海洋调查研究及海洋管理,广东省广州市海珠区新港中路353号
"余祥勇',",广东海洋大学,广东省,海洋生物,广东省湛江市麻章区海大路1号
"余志',",中山大学,广东省,海洋可再生能源,广东省广州市新港西路135号
"喻达辉',",中国水产科学研究院南海水产研究所,广东省,水产遗传育种,广东省深圳市龙岗区大碓村83号
"喻子牛',",中国科学院南海海洋研究所,广东省,海洋生物遗传与育种,广东省广州市海珠区新港西路164号
"袁建平',",中山大学,广东省,有机地球化学,广东省广州市新港西路135号
"袁振宏',",中国科学院广州能源研究所,广东省,电力电子及控制技术,广东省广州市天河区五山能源路2号
"曾祥雄',",自然资源部南海局,广东省,物理海洋，海洋水文,广东省广州市海珠区新港中路353号
"张春华',",自然资源部南海局,广东省,水文气象,广东省广州市海珠区新港中路353号
"张广泉',",自然资源部南海局,广东省,物理海洋，海洋水文,广东省广州市海珠区新港中路353号
"张海发',",广东省大亚湾水产试验中心,广东省,海洋生物,广东省大亚湾澳头办事处澳头镇衙前村
"张汉华',",中国水产科学研究院南海水产研究所,广东省,海水综合养殖模式,广东省深圳市龙岗区大碓村83号
"张家松',",中国水产科学研究院南海水产研究所,广东省,海水设施养殖,广东省深圳市龙岗区大碓村83号
"张俊峰',",自然资源部南海局,广东省,海洋灾害预警预报,广东省广州市海珠区新港中路353号
"张开城',",广东海洋大学,广东省,海洋生物,广东省湛江市麻章区海大路1号
"张兰兰',",中国科学院南海海洋研究所,广东省,海洋微体古生物与海洋沉积古海洋环境研究,广东省广州市海珠区新港西路164号
"张黎',",中国科学院南海海洋研究所,广东省,海洋生物学,广东省广州市海珠区新港西路164号
"张鹏',",中国水产科学研究院南海水产研究所,广东省,捕捞技术,广东省深圳市龙岗区大碓村83号
"张其中',",暨南大学,广东省,海洋生物学,广东省广州市黄埔大道西601号
"张锐',",广东海洋大学,广东省,海洋生物,广东省湛江市麻章区海大路1号
"张翼',",广东海洋大学,广东省,海洋生物制药,暂无
"张印桐',",深圳海油工程水下技术有限公司,广东省,海洋生物,广东省深圳市蛇口工业区海湾路9号
"张永夏',",深圳大学生命科学学院(深圳大学生命与海洋科学学院),广东省,植物学,广东省深圳市南山区南海大道3688号
"章跃陵',",汕头大学,广东省,海洋生物,广东省汕头市大学路243号
"赵明辉',",中国科学院南海海洋研究所,广东省,大洋热液循环机制,广东省广州市海珠区新港西路164号
"赵雪',",自然资源部南海局,广东省,海洋灾害预警预报,广东省广州市海珠区新港中路353号
"郑怀平',",汕头大学,广东省,海洋生物,广东省汕头市大学路243号
"郑善传',",自然资源部南海局,广东省,海洋标准计量与鉴定,广东省广州市海珠区新港中路353号
"郑卓',",中山大学,广东省,大陆边缘地质学,广东省广州市新港西路135号
"周翠英',",中山大学,广东省,近岸海洋工程与水利工程,广东省广州市新港西路135号
"周厚诚',",广东省海洋资源研究发展中心,广东省,港航设计专业,广东省广州市先烈中路100号大院34号
"周巨锁',",自然资源部南海局,广东省,海洋测绘,广东省广州市海珠区新港中路353号
"周瑞莲',",广东省海洋与渔业厅,广东省,海洋生物,广东省广州市海珠区南村路10号
"周生启',",中国科学院南海海洋研究所,广东省,深海动力学,广东省广州市海珠区新港西路164号
"周雄',",自然资源部南海局,广东省,水文气象,广东省广州市海珠区新港中路353号
"周雪峰',",中国科学院南海海洋研究所,广东省,海洋生物活性物质,广东省广州市海珠区新港西路164号
"周英',",自然资源部南海局,广东省,海底构造与海洋地球物理,广东省广州市海珠区新港中路353号
"朱长波',",中国水产科学研究院南海水产研究所,广东省,海水综合养殖模式,广东省深圳市龙岗区大碓村83号
"庄泽彬',",自然资源部南海局,广东省,海洋环境监测与评价,广东省广州市海珠区新港中路353号
"邹记兴',",华南农业大学,广东省,海洋生物,广东省广州市天河区五山街五山路483号
"邹世春',",中山大学,广东省,物理海洋学,广东省广州市新港西路135号
"陈波',",广西科学院,广西壮族自治区,物理海洋，海洋水文,广西南宁市大岭路98号
"陈晓汉',",广西水产科学研究院,广西壮族自治区,物理海洋，海洋水文,广西南宁市青山路8号
"邓朝亮',",广西红树林研究中心,广西壮族自治区,物理海洋，海洋水文,广西长青东路92号
"范航清',",广西红树林研究中心,广西壮族自治区,海洋生态,广西长青东路92号
"方龙驹',",广西壮族自治区水文水资源局,广西壮族自治区,海洋环境监测与评价,广西南宁市青秀区建政路12号
"黄初升',",南宁师范大学,广西壮族自治区,有机化学,暂无
"黄鹄',",钦州学院,广西壮族自治区,鱼类免疫学,暂无
"蒋明星',",广西国土资源厅,广西壮族自治区,海洋生物,广西南宁市中新路2号
"兰国宝',",广西红树林研究中心,广西壮族自治区,海洋生物,广西长青东路92号
"黎广钊',",广西红树林研究中心,广西壮族自治区,海底构造与海洋地球物理,广西长青东路92号
"李树华',",广西北海市政协,广西壮族自治区,物理海洋，海洋水文,广西北海市海城区北海大道169号
"李占元',",广西壮族自治区测绘局,广西壮族自治区,海洋测量工程,广西南宁市建政路5号
"梁文',",广西红树林研究中心,广西壮族自治区,海洋生物,广西长青东路92号
"陆宏健',",广西交通规划勘察设计研究院,广西壮族自治区,港口航道与海岸工程,广西南宁市民族大道153号
"童万平',",广西海洋研究所,广西壮族自治区,海洋化学,广西北海市海城区长青东路92号
"韦善豪',",钦州学院,广西壮族自治区,自然地理学,广西钦州市滨海新城滨海大道12号
"韦忠',",广西壮族自治区海洋和渔业厅,广西壮族自治区,海洋生物,广西南宁市青山路8号
"阎冰',",广西红树林研究中心,广西壮族自治区,海底构造与海洋地球物理,广西长青东路92号
"杨小雄',",南宁师范大学,广西壮族自治区,有机化学,暂无
"叶维强',",北海市旅游局,广西壮族自治区,旅游管理,广西北海市贵州路35号
"张晨晓',",钦州学院,广西壮族自治区,生物医学工程,广西钦州市滨海新城滨海大道12号
"钟秋平',",钦州学院,广西壮族自治区,有机化学,广西钦州市滨海新城滨海大道12号
"周浩郎',",广西红树林研究中心,广西壮族自治区,海洋植物,广西长青东路92号
"陈春华',",海南省海洋与渔业科学院,海南省,环境海洋学,海南省海口市海府路69号
"傅捷',",海南省海洋与渔业科学院,海南省,环境海洋学,海南省海口市海府路69号
"林斌群',",海南省海洋与渔业科学院,海南省,环境海洋学,海南省海口市海府路69号
"王道儒',",海南省海洋与渔业科学院,海南省,环境海洋学,海南省海口市海府路69号
"陈秀敏',",河北农业大学,河北省,水产养殖,河北省保定灵雨寺街289号
"杜兴明',",河北省地矿局,河北省,水文工程地质,河北省石家庄市桥西区工农路410号
"付仲',",河北省海洋与水产科学研究院,河北省,海洋生物,河北省秦皇岛市东港路2号
"高晓莉',",河北农业大学,河北省,水产动物生化,河北省保定灵雨寺街289号
"宫春光',",河北农业大学,河北省,水产动物病害,河北省保定灵雨寺街289号
"顾建清',",河北省科学院地理科学研究所,河北省,渔业机械,河北省石家庄市长安区长安西大街94号五方中心
"管越强',",河北大学,河北省,海洋生物学,河北省保定市五四东路180号
"康现江',",河北大学,河北省,水生生物学,河北省保定市五四东路180号
"李怡群',",河北省海洋与水产科学研究院,河北省,渔业机械,河北省秦皇岛市东港路2号
"李志霞',",河北农业大学,河北省,水生生物,河北省保定灵雨寺街289号
"梁淑轩',",河北大学,河北省,农畜水产品贮藏与加工,河北省保定市五四东路180号
"刘红英',",河北农业大学,河北省,水生生物,河北省保定灵雨寺街289号
"刘M岩',",河北大学,河北省,农畜水产品贮藏与加工,河北省保定市五四东路180号
"刘增寿',",河北省地矿局,河北省,水文工程地质,河北省石家庄市桥西区工农路410号
"刘志强',",河北大学,河北省,水生生物学,河北省保定市五四东路180号
"马寨璞',",河北大学,河北省,农畜水产品贮藏与加工,河北省保定市五四东路180号
"齐凤生',",河北农业大学,河北省,水产品加工工艺,河北省保定灵雨寺街289号
"齐遵利',",河北农业大学,河北省,水产养殖,河北省保定灵雨寺街289号
"任晓慧',",河北农业大学,河北省,生物化学与细胞生物学,河北省保定灵雨寺街289号
"桑亚新',",河北农业大学,河北省,海洋食品资源加工利用,河北省保定灵雨寺街289号
"申淑琦',",河北农业大学,河北省,农畜水产品贮藏与加工,河北省保定灵雨寺街289号
"宋波澜',",河北农业大学,河北省,水生生物,河北省保定灵雨寺街289号
"宋青春',",河北农业大学,河北省,水产养殖,河北省保定灵雨寺街289号
"苏利',",河北农业大学,河北省,淡水渔业,河北省保定灵雨寺街289号
"王颉',",河北农业大学,河北省,海洋食品资源加工利用,河北省保定灵雨寺街289号
"王向红',",河北农业大学,河北省,海洋食品资源加工利用,河北省保定灵雨寺街289号
"吴新民',",河北省海洋与水产科学研究院,河北省,微生物生化,河北省秦皇岛市东港路2号
"邢忠信',",河北省地矿局,河北省,水文工程地质,河北省石家庄市桥西区工农路410号
"徐春霞',",河北农业大学,河北省,水生生物,河北省保定灵雨寺街289号
"徐全洪',",河北省科学院地理科学研究所,河北省,渔业机械,河北省石家庄市长安区长安西大街94号五方中心
"燕惠源',",河北南堡盐场,河北省,海洋化工,河北省唐山市曹妃甸区文明道402
"杨燕雄',",河北省地矿局,河北省,海底构造与海洋地球物理,河北省石家庄市桥西区工农路410号
"张伟',",河北农业大学,河北省,海洋食品资源加工利用,河北省保定灵雨寺街289号
"张志胜',",河北农业大学,河北省,海洋食品资源加工利用,河北省保定灵雨寺街289号
"赵春民',",河北农业大学,河北省,海淡水鱼虾蟹繁育,河北省保定灵雨寺街289号
"赵艳珍',",河北农业大学,河北省,海水养殖与管理,河北省保定灵雨寺街289号
"赵振宏',",河北省地矿局,河北省,水文工程地质,河北省石家庄市桥西区工农路410号
"赵振良',",河北省海洋与水产科学研究院,河北省,微生物生化,河北省秦皇岛市东港路2号
"周军',",河北省海洋与水产科学研究院,河北省,渔业机械,河北省秦皇岛市东港路2号
"徐玉如',",哈尔滨工程大学,黑龙江省,水下机器人,黑龙江省哈尔滨市南岗区南通大街145号
"杨德森',",哈尔滨工程大学,黑龙江省,矢量声呐技术、水下声隐身振动噪声测量技术,黑龙江省哈尔滨市南岗区南通大街145号
"郝燕玲',",哈尔滨工程大学,黑龙江省,舰船导航技术,黑龙江省哈尔滨市南岗区南通大街145号
"张亮',",哈尔滨工程大学,黑龙江省,船舶与海洋工程计算流体力学,黑龙江省哈尔滨市南岗区南通大街145号
"张金麟',",中国船舶重工集团公司第七一九研究所,湖北省,船舶与海洋工程,湖北省武汉市江夏区藏龙岛开发区杨桥湖大道19号
"朱英富',",中国船舶重工集团公司第七一研究所,湖北省,船舶与海洋工程,湖北省宜昌市胜利三路58号
"蔡庆华',",中国科学院水生生物研究所,湖北省,系统与流域生态学,湖北省武汉市武昌东湖南路7号
"察豪',",海军工程大学,湖北省,雷达工程,湖北省武汉市~口区解放大道717号
"陈晓玲',",武汉大学,湖北省,高频地波雷达海洋探测理论与技术,湖北省武汉市武昌区珞珈山街16号
"陈泽宗',",武汉大学,湖北省,无线电海洋海洋环境监测技术,湖北省武汉市武昌区珞珈山街16号
"段桂林',",中国船舶重工集团公司第七一O研究所,湖北省,水雷非触发引信专业,湖北省宜昌体育场路15号
"鄂栋臣',",武汉大学,湖北省,无线电海洋海洋环境监测技术,湖北省武汉市武昌区珞珈山街16号
"桂建芳',",中国科学院水生生物研究所,湖北省,鱼类遗传育种学,湖北省武汉市武昌东湖南路7号
"何舜平',",中国科学院水生生物研究所,湖北省,鱼类系统学与生物地理学,湖北省武汉市武昌东湖南路7号
"柯亨玉',",武汉大学,湖北省,无线电海洋监测技术,湖北省武汉市武昌区珞珈山街16号
"李斐',",武汉大学,湖北省,无线电海洋监测技术,湖北省武汉市武昌区珞珈山街16号
"李建成',",武汉大学,湖北省,地球重力场,湖北省武汉市武昌区珞珈山街16号
"李仁辉',",中国科学院水生生物研究所,湖北省,有害藻类生物学,湖北省武汉市武昌东湖南路7号
"李钟杰',",中国科学院水生生物研究所,湖北省,水产养殖,湖北省武汉市武昌东湖南路7号
"刘祖源',",武汉理工大学,湖北省,海洋测绘,湖北省武汉市珞狮路122号
"倪乐意',",中国科学院水生生物研究所,湖北省,水生植物与生态学,湖北省武汉市武昌东湖南路7号
"聂桂根',",武汉大学,湖北省,空间大地测量,湖北省武汉市武昌区珞珈山街16号
"聂品',",中国科学院水生生物研究所,湖北省,鱼类免疫学,湖北省武汉市武昌东湖南路7号
"牛小骥',",武汉大学,湖北省,GNSS与INS组合导航,湖北省武汉市武昌区珞珈山街16号
"庞小平',",武汉大学,湖北省,地图学与地理信息系统,湖北省武汉市武昌区珞珈山街16号
"宋立荣',",中国科学院水生生物研究所,湖北省,藻种资源与藻类毒理学,湖北省武汉市武昌东湖南路7号
"唐卫明',",武汉大学,湖北省,大地测量与测量工程,湖北省武汉市武昌区珞珈山街16号
"田礼乔',",武汉大学,湖北省,定量遥感,湖北省武汉市武昌区珞珈山街16号
"汪东平',",中国船舶重工集团公司第七一O研究所,湖北省,检测技术及仪器,湖北省宜昌体育场路15号
"王丁',",中国科学院水生生物研究所,湖北省,鲸类保护生物学,湖北省武汉市武昌东湖南路7号
"王洪铸',",中国科学院水生生物研究所,湖北省,底栖动物分类与生态,湖北省武汉市武昌东湖南路7号
"王泽民',",武汉大学,湖北省,定量遥感,湖北省武汉市武昌区珞珈山街16号
"文必洋',",武汉大学,湖北省,高频无线电海洋遥感理论与技术,湖北省武汉市武昌区珞珈山街16号
"吴念',",中国船舶重工集团公司第七0一研究所,湖北省,水雷非触发引信专业,湖北省武汉市武昌区首义路129号
"吴雄斌',",武汉大学,湖北省,高频地波雷达海洋探测理论与技术,湖北省武汉市武昌区珞珈山街16号
"吴振斌',",中国科学院水生生物研究所,湖北省,净化与恢复生态学,湖北省武汉市武昌东湖南路7号
"肖武汉',",中国科学院水生生物研究所,湖北省,分子毒理学,湖北省武汉市武昌东湖南路7号
"谢平',",中国科学院水生生物研究所,湖北省,湖泊生态学,湖北省武汉市武昌东湖南路7号
"叶世榕',",武汉大学,湖北省,卫星导航定位技术应用,湖北省武汉市武昌区珞珈山街16号
"曾立波',",武汉大学,湖北省,光谱分析仪器,湖北省武汉市武昌区珞珈山街16号
"张奇亚',",中国科学院水生生物研究所,湖北省,水生病毒学及其分子生物学,湖北省武汉市武昌东湖南路7号
"张先锋',",中国科学院水生生物研究所,湖北省,鲸类保护生物学,湖北省武汉市武昌东湖南路7号
"赵建虎',",武汉大学,湖北省,海洋测绘,湖北省武汉市武昌区珞珈山街16号
"宋君强',",国防科技大学,湖南省,大气科学工程与技术,暂无
"张雪明',",东北师范大学,吉林省,可再生能源与应用机电技术,吉林省长春市南关区人民大街5268号
"徐芑南',",中国船舶重工集团公司第702研究所,江苏省,深潜器技术,中国江苏省无锡市滨湖区山水东路222号
"白世彪',",南京师范大学,江苏省,地貌过程与灾害防御与风险分析,江苏省南京市宁海路122号
"陈爱华',",江苏省海洋水产研究所,江苏省,水产养殖,江苏省南通市崇川区教育路31号
"陈百尧',",连云港市海洋与水产科学研究所,江苏省,水产养殖,江苏省连云港市小高线与核电路交叉口东南150米
"陈国平',",河海大学,江苏省,港口海岸及近海工程教学,江苏省南京市西康路1号
"陈丽',",江苏省海洋资源开发研究院,江苏省,水产动物病害,江苏省连云港市海州区通灌南路108-1号
"陈淑吟',",江苏省海洋水产研究所,江苏省,水产养殖,江苏省南通市崇川区教育路31号
"陈爽',",中科院南京地理与湖泊研究所,江苏省,城市生态学,江苏省南京市北京东路73号
"邓湘莲',",连云港市海州区农林水利局,江苏省,水产养殖,江苏省连云港市朝阳西路109-1号
"方位达',",江苏省测绘工程院,江苏省,测绘工程,江苏省南京市北京西路75号
"葛晨东',",南京大学,江苏省,水产养殖,江苏省南京市汉口路22号
"何秀凤',",河海大学,江苏省,卫星测高,江苏省南京市西康路1号
"何宜军',",南京信息工程大学海洋科学学院,江苏省,电磁场与微波技术,南京市宁六路219号，210044
"侯书贵',",南京大学,江苏省,极地科学与全球变化,江苏省南京市汉口路22号
"胡维平',",中科院南京地理与湖泊研究所,江苏省,物理湖泊学,江苏省南京市北京东路73号
"黄震方',",南京师范大学,江苏省,旅游科学,江苏省南京市宁海路122号
"吉红九',",江苏省海洋水产研究所,江苏省,海洋生物,江苏省南通市崇川区教育路31号
"蒋国荣',",解放军理工大学,江苏省,物理海洋学,江苏省南京市秦淮区后标营路88号
"蒋少涌',",南京大学,江苏省,地质年代学,江苏省南京市汉口路22号
"李恒鹏',",中科院南京地理与湖泊研究所,江苏省,流域水文与水环境过程模拟,江苏省南京市北京东路73号
"李建宏',",南京师范大学,江苏省,植物学,江苏省南京市宁海路122号
"李龙',",河海大学,江苏省,流体机械及工程,江苏省南京市西康路1号
"李瑞杰',",河海大学,江苏省,河口海岸学,江苏省南京市西康路1号
"林祥',",河海大学,江苏省,海洋动力要素相互作用机制理论研究,江苏省南京市西康路1号
"刘培廷',",江苏省海洋水产研究所,江苏省,海洋捕捞,江苏省南通市崇川区教育路31号
"刘玮炜',",淮海工学院,江苏省,海洋药物,江苏省连云港市新浦区苍梧路59号
"陆勤勤',",江苏省海洋水产研究所,江苏省,水产养殖,江苏省南通市崇川区教育路31号
"马飞',",南京师范大学,江苏省,海洋动物比较基因组学,江苏省南京市宁海路122号
"申欣',",淮海工学院,江苏省,海洋生物基因组学,江苏省连云港市新浦区苍梧路59号
"盛建明',",江苏省海涂研究中心,江苏省,海洋环境评价,江苏省南京市汉中门大街300号
"宋晓村',",江苏省海涂研究中心,江苏省,海洋环境评价,江苏省南京市汉中门大街300号
"宋玉兵',",江苏省测绘工程院,江苏省,测绘工程,江苏省南京市北京西路75号
"孙红英',",南京师范大学,江苏省,海洋动物比较基因组学,江苏省南京市宁海路122号
"汤建华',",江苏省海洋水产研究所,江苏省,海洋捕捞,江苏省南通市崇川区教育路31号
"汪晓慧',",连云港市渔业技术指导站,江苏省,水产养殖疫病预防控制,江苏省连云港市朝阳中路14号
"汪亚平',",南京大学,江苏省,海底构造与海洋地球物理,江苏省南京市汉口路22号
"王国祥',",南京师范大学,江苏省,水生生态学,江苏省南京市宁海路122号
"王坚红',",南京信息工程大学,江苏省,海洋气象学,江苏省南京市宁六路219号
"王建',",南京师范大学,江苏省,水产养殖,江苏省南京市宁海路122号
"王让会',",南京信息工程大学,江苏省,遥感应用及景观生态,江苏省南京市宁六路219号
"王文',",南京师范大学,江苏省,海洋动物比较基因组学,江苏省南京市宁海路122号
"王晓蓉',",南京大学,江苏省,污染物存在形态,江苏省南京市汉口路22号
"王义刚',",河海大学,江苏省,海洋动力要素相互作用机制理论研究,江苏省南京市西康路1号
"王振会',",南京信息工程大学,江苏省,大气探测与大气遥感,江苏省南京市宁六路219号
"魏爱泓',",江苏省海涂研究中心,江苏省,海洋生态环境保护,江苏省南京市汉中门大街300号
"吴峰',",河海大学,江苏省,可再生能源发电系统的建模与控制,江苏省南京市西康路1号
"吴建新',",淮海工学院,江苏省,海洋生物学,江苏省连云港市新浦区苍梧路59号
"谢宏全',",淮海工学院,江苏省,海洋带生态环境,江苏省连云港市新浦区苍梧路59号
"谢小华',",连云港市海洋环境监测中心,江苏省,海洋环境监测与评价,江苏省连云港市海州区朝阳中路14号
"邢闽',",江苏省测绘工程院,江苏省,测绘工程,江苏省南京市北京西路75号
"徐地保',",江苏省测绘工程院,江苏省,工程测量,江苏省南京市北京西路75号
"徐敏',",南京师范大学,江苏省,自然地理学,江苏省南京市宁海路122号
"徐青',",河海大学,江苏省,海洋遥感与物理海洋学,江苏省南京市西康路1号
"许长新',",河海大学,江苏省,水运经济,江苏省南京市西康路1号
"许璞',",江苏省海洋水产研究所,江苏省,海洋生物学,暂无
"许祝华',",连云港市海域使用保护动态管理中心,江苏省,海域海岛综合管理、 海域海岛使用信息化动态监管、海洋管理新技术研究与应用,江苏省连云港市朝阳中路14号
"阎斌伦',",淮海工学院,江苏省,海洋水产养殖,江苏省连云港市新浦区苍梧路59号
"杨光',",南京师范大学,江苏省,海洋动物比较基因组学,江苏省南京市宁海路122号
"杨桂山',",中科院南京地理与湖泊研究所,江苏省,土地利用与环境效应,江苏省南京市北京东路73号
"杨家新',",南京师范大学,江苏省,水产养殖,江苏省南京市宁海路122号
"杨山',",南京师范大学,江苏省,区域发展与城乡规划,江苏省南京市宁海路122号
"杨修群',",南京大学,江苏省,污染物存在形态,江苏省南京市汉口路22号
"姚东瑞',",淮海工学院,江苏省,海洋技术,江苏省连云港市新浦区苍梧路59号
"姚国兴',",江苏省海洋水产研究所,江苏省,海洋生物,江苏省南通市崇川区教育路31号
"张爱明',",江苏省测绘工程院,江苏省,信息工程,江苏省南京市北京西路75号
"张朝晖',",江苏省海洋水产研究所,江苏省,海洋渔业,江苏省南通市崇川区教育路31号
"张景飞',",南京大学,江苏省,污染物存在形态,江苏省南京市汉口路22号
"张落成',",中科院南京地理与湖泊研究所,江苏省,产业发展与布局,江苏省南京市北京东路73号
"张美如',",江苏省海洋水产研究所,江苏省,海水养殖与管理,江苏省南通市崇川区教育路31号
"张忍顺',",南京师范大学,江苏省,海岸演变,江苏省南京市宁海路122号
"张玮',",河海大学,江苏省,海洋动力要素相互作用机制理论研究,江苏省南京市西康路1号
"张晓君',",淮海工学院,江苏省,海洋生物学,江苏省连云港市新浦区苍梧路59号
"张志勇',",江苏省海洋水产研究所,江苏省,海水养殖与管理,江苏省南通市崇川区教育路31号
"赵新伟',",江苏省海涂研究中心,江苏省,海洋生物生态监测与评价,江苏省南京市汉中门大街300号
"郑金海',",河海大学,江苏省,港口航道与海岸工程,江苏省南京市西康路1号
"郑源',",河海大学,江苏省,水利水电工程,江苏省南京市西康路1号
"仲霞铭',",江苏省海洋水产研究所,江苏省,海洋渔业,江苏省南通市崇川区教育路31号
"周德山',",连云港市海洋环境监测中心,江苏省,海域海岛综合管理、 海域海岛使用信息化动态监管、海洋管理新技术研究与应用,江苏省连云港市海州区朝阳中路14号
"周开亚',",南京师范大学,江苏省,水产养殖,江苏省南京市宁海路122号
"周立',",淮海工学院,江苏省,海洋测量,江苏省连云港市新浦区苍梧路59号
"周涛',",中国船舶重工集团公司第七二四研究所,江苏省,无线电技术,江苏省南京市中山北路346号
"周卫',",南京师范大学,江苏省,海岸演变,江苏省南京市宁海路122号
"朱孔文',",连云港市海洋与渔业局,江苏省,海域海岛综合管理、 海域海岛使用信息化动态监管、海洋管理新技术研究与应用,江苏省连云港市新浦区朝阳中路14号
"朱士才',",江苏省测绘工程院,江苏省,摄影测量与遥感,江苏省南京市北京西路75号
"朱晓东',",南京大学,江苏省,污染物存在形态,江苏省南京市汉口路22号
"朱振乐',",江苏省赣榆县海洋与渔业局,江苏省,海域管理,江苏省连云港市赣榆县金海东路44号
"邹欣庆',",南京大学,江苏省,海岸带管理研究,江苏省南京市汉口路22号
"左军成',",河海大学,江苏省,潮波动力学,江苏省南京市西康路1号
"左其华',",南京水利科学研究院,江苏省,水产养殖,江苏省南京市鼓楼区虎踞关34号
"朱蓓薇',",大连工业大学,辽宁省,海洋食品,大连市甘井子区轻工苑1号
"白毅平',",大连工业大学,辽宁省,海洋灾害预警预报,大连市甘井子区轻工苑1号
"毕远溥',",辽宁省海洋水产科学研究院,辽宁省,海岛海岸带开发,辽宁省大连市沙河口区黑石礁街50号
"曹旭鹏',",中国科学院大连化学物理研究所,辽宁省,微藻生物工程与微藻规模培养,辽宁省大连市沙河口区中山路457号
"常亚青',",大连海洋大学,辽宁省,海洋生物学,辽宁省大连市沙河口区黑石礁街52号
"陈伟斌',",国家海洋环境监测中心,辽宁省,物理海洋学,辽宁省大连市沙河口区凌河街42号
"陈勇',",大连海洋大学,辽宁省,渔业资源与环境,辽宁省大连市沙河口区黑石礁街52号
"丛丕福',",国家海洋环境监测中心,辽宁省,海洋环境要素遥感反演,辽宁省大连市沙河口区凌河街42号
"崔巍',",大连海事大学,辽宁省,工商管理,辽宁省大连市凌海路1号
"戴洪亮',",国家海洋环境监测中心,辽宁省,海洋环境要素遥感反演,辽宁省大连市沙河口区凌河街42号
"丁君',",大连海洋大学,辽宁省,海洋生物,辽宁省大连市沙河口区黑石礁街52号
"丁晓非',",大连海洋大学,辽宁省,船舶材料强度及生物仿生材料研究,辽宁省大连市沙河口区黑石礁街52号
"董婧',",辽宁省海洋水产科学研究院,辽宁省,海洋生物生态,辽宁省大连市沙河口区黑石礁街50号
"杜昱光',",中国科学院大连化学物理研究所,辽宁省,生物化工,辽宁省大连市沙河口区中山路457号
"樊景凤',",国家海洋环境监测中心,辽宁省,海洋生态学,辽宁省大连市沙河口区凌河街42号
"付晚涛',",大连海洋大学,辽宁省,海洋生物,辽宁省大连市沙河口区黑石礁街52号
"付元宾',",国家海洋环境监测中心,辽宁省,海洋空间规划、海岛海岸带资源环境,辽宁省大连市沙河口区凌河街42号
"勾维民',",大连海洋大学,辽宁省,海洋水产领域政策现实问题评价,辽宁省大连市沙河口区黑石礁街52号
"郭皓',",国家海洋环境监测中心,辽宁省,海洋生态学,辽宁省大连市沙河口区凌河街42号
"郭皓',",国家海洋环境监测中心,辽宁省,海洋环境生态,辽宁省大连市沙河口区凌河街42号
"郭威',",中国科学院沈阳自动化研究所,辽宁省,水下机器人及相关水下装备研发,辽宁省沈阳市沈河区南塔街114号
"韩家波',",辽宁省海洋水产科学研究院,辽宁省,海洋渔业,辽宁省大连市沙河口区黑石礁街50号
"韩建波',",国家海洋环境监测中心,辽宁省,涉海工程环境保护方法,辽宁省大连市沙河口区凌河街42号
"韩康',",国家海洋环境监测中心,辽宁省,海洋水文动力环境调查与评价,辽宁省大连市沙河口区凌河街42号
"韩立新',",大连海事大学,辽宁省,国际法学,辽宁省大连市凌海路1号
"韩胜菊',",大连海洋大学,辽宁省,渔业资源信息系统,辽宁省大连市沙河口区黑石礁街52号
"韩增林',",辽宁师范大学,辽宁省,人文地理科研,暂无
"何洁',",大连海洋大学,辽宁省,海洋化学,辽宁省大连市沙河口区黑石礁街52号
"霍城',",国家海洋环境监测中心,辽宁省,海水环境质量评价,辽宁省大连市沙河口区凌河街42号
"霍传林',",国家海洋环境监测中心,辽宁省,海洋环境监测与评价,辽宁省大连市沙河口区凌河街42号
"姜连新',",辽宁省海洋水产科学研究院,辽宁省,科研管理,辽宁省大连市沙河口区黑石礁街50号
"姜志强',",大连海洋大学,辽宁省,水产养殖,辽宁省大连市沙河口区黑石礁街52号
"孔繁东',",大连工业大学,辽宁省,水产品加工技术研究,暂无
"孔亮',",大连海洋大学,辽宁省,海洋污染物与海洋生物相关性研究,辽宁省大连市沙河口区黑石礁街52号
"李勃',",大连市水产技术推广总站,辽宁省,海洋生物,辽宁省大连市滨海西路80号
"李宏俊',",国家海洋环境监测中心,辽宁省,海洋生态监测评价、分子生态学,辽宁省大连市沙河口区凌河街42号
"李庆伟',",辽宁师范大学,辽宁省,海洋生物学,暂无
"李伟',",大连海洋大学,辽宁省,生物化学,辽宁省大连市沙河口区黑石礁街52号
"李文姬',",辽宁省海洋水产科学研究院,辽宁省,海水增养殖技术,辽宁省大连市沙河口区黑石礁街50号
"李秀辰',",大连海洋大学,辽宁省,海洋农业,辽宁省大连市沙河口区黑石礁街52号
"李亚楠',",国家海洋环境监测中心,辽宁省,海洋环境监测业务管理,辽宁省大连市沙河口区凌河街42号
"李一平',",中国科学院沈阳自动化研究所,辽宁省,机器人控制系统研究,辽宁省沈阳市沈河区南塔街114号
"李颖',",大连海事大学,辽宁省,计算机科学与技术,辽宁省大连市凌海路1号
"李悦铮',",辽宁师范大学,辽宁省,区域经济,暂无
"李振福',",大连海事大学,辽宁省,交通运输规划与管理,辽宁省大连市凌海路1号
"李智刚',",中国科学院沈阳自动化研究所,辽宁省,水下机器人研究,辽宁省沈阳市沈河区南塔街114号
"林凤翱',",国家海洋环境监测中心,辽宁省,海洋赤潮监测,辽宁省大连市沙河口区凌河街42号
"林扬',",中国科学院沈阳自动化研究所,辽宁省,水下机器人研究,辽宁省沈阳市沈河区南塔街114号
"林忠胜',",国家海洋环境监测中心,辽宁省,海洋环境监测与评价技术研发,辽宁省大连市沙河口区凌河街42号
"刘长安',",国家海洋环境监测中心,辽宁省,海洋生态保护与管理,辽宁省大连市沙河口区凌河街42号
"刘长发',",大连海洋大学,辽宁省,生物环境地球化学,辽宁省大连市沙河口区黑石礁街52号
"刘海映',",大连海洋大学,辽宁省,渔业资源增殖,辽宁省大连市沙河口区黑石礁街52号
"刘仁沿',",国家海洋环境监测中心,辽宁省,海洋化学及赤潮生态学,辽宁省大连市沙河口区凌河街42号
"刘r',",大连海事大学,辽宁省,海洋科学,辽宁省大连市凌海路1号
"刘增武',",中国船舶重工集团公司第七六研究所,辽宁省,海洋技术,辽宁省大连市中山区海滨街14号
"鲁明羽',",大连海事大学,辽宁省,计算机科学与技术,辽宁省大连市凌海路1号
"栾玉u',",大连市海洋与渔业局,辽宁省,海域和海岛管理,辽宁省大连市吉庆街100号
"马小军',",中国科学院大连化学物理研究所,辽宁省,生物医用材料工程,辽宁省大连市沙河口区中山路457号
"马永安',",国家海洋环境监测中心,辽宁省,海洋环境保护与监测与评价,辽宁省大连市沙河口区凌河街42号
"马悦欣',",大连海洋大学,辽宁省,鱼类集约化养殖技术研究,辽宁省大连市沙河口区黑石礁街52号
"苗丰民',",国家海洋环境监测中心,辽宁省,海域使用管理,辽宁省大连市沙河口区凌河街42号
"苗丽娟',",国家海洋环境监测中心,辽宁省,海洋生态环境保护,辽宁省大连市沙河口区凌河街42号
"那健',",中国船舶重工集团公司第七六研究所,辽宁省,船舶与海洋工程,辽宁省大连市中山区海滨街14号
"蒲红宇',",大连海洋大学,辽宁省,鱼类集约化养殖技术研究,辽宁省大连市沙河口区黑石礁街52号
"戚浩然',",大连市海洋与渔业局,辽宁省,海洋经济宏观调控管理,辽宁省大连市吉庆街100号
"乔翔',",大连海洋大学,辽宁省,海洋经济理论与政策,辽宁省大连市沙河口区黑石礁街52号
"秦龙',",大连海事大学,辽宁省,管理学,辽宁省大连市凌海路1号
"任福安',",大连海事大学,辽宁省,管理学,辽宁省大连市凌海路1号
"苏延明',",大连海洋大学,辽宁省,水产养殖学,辽宁省大连市沙河口区黑石礁街52号
"孙斌',",中国科学院沈阳自动化研究所,辽宁省,水下机器人及相关水下装备研发,辽宁省沈阳市沈河区南塔街114号
"孙冰',",大连海事大学,辽宁省,生物化学,辽宁省大连市凌海路1号
"孙才志',",辽宁师范大学,辽宁省,区域经济,暂无
"孙广炜',",中国科学院大连化学物理研究所,辽宁省,组织工程,辽宁省大连市沙河口区中山路457号
"孙建富',",大连海洋大学,辽宁省,水产品市场与水产品营销,辽宁省大连市沙河口区黑石礁街52号
"孙野青',",大连海事大学,辽宁省,生物化学,辽宁省大连市凌海路1号
"谭成玉',",大连海洋大学,辽宁省,海洋资源利用,辽宁省大连市沙河口区黑石礁街52号
"谭克非',",辽宁省海洋水产科学研究院,辽宁省,海洋渔业,辽宁省大连市沙河口区黑石礁街50号
"谭明乾',",中国科学院大连化学物理研究所,辽宁省,标记物合成化学,辽宁省大连市沙河口区中山路457号
"汤勇',",大连海洋大学,辽宁省,水声学,辽宁省大连市沙河口区黑石礁街52号
"汪秋宽',",大连海洋大学,辽宁省,水产品加工及贮藏工程,辽宁省大连市沙河口区黑石礁街52号
"王晨祥',",大连海事大学,辽宁省,海上输送系统科学,辽宁省大连市凌海路1号
"王国仁',",东北大学,辽宁省,可再生能源与应用机电技术,辽宁省沈阳市和平区文化路三巷11号
"王健国',",国家海洋环境监测中心,辽宁省,海洋环境规划与保护技术,辽宁省大连市沙河口区凌河街42号
"王菊英',",国家海洋环境监测中心,辽宁省,海洋环境规划与保护技术,辽宁省大连市沙河口区凌河街42号
"王立俊',",国家海洋环境监测中心,辽宁省,海洋外来生物影响研究,辽宁省大连市沙河口区凌河街42号
"王年斌',",辽宁省海洋水产科学研究院,辽宁省,海洋生态环境保护,辽宁省大连市沙河口区黑石礁街50号
"王晓辉',",中国科学院沈阳自动化研究所,辽宁省,水下机器人技术,辽宁省沈阳市沈河区南塔街114号
"王玉广',",国家海洋环境监测中心,辽宁省,海岸与海洋地质地貌,辽宁省大连市沙河口区凌河街42号
"温泉',",国家海洋环境监测中心,辽宁省,海洋环境管理,辽宁省大连市沙河口区凌河街42号
"文武',",国家海洋环境监测中心,辽宁省,海洋工程,辽宁省大连市沙河口区凌河街42号
"吴冠',",国家海洋环境监测中心,辽宁省,物理海洋,辽宁省大连市沙河口区凌河街42号
"肖玉仲',",国家海洋环境监测中心,辽宁省,海洋地质、海洋环境保护,辽宁省大连市沙河口区凌河街42号
"徐恒振',",国家海洋环境监测中心,辽宁省,海洋环境监测技术研究,辽宁省大连市沙河口区凌河街42号
"徐云鹏',",中国科学院大连化学物理研究所,辽宁省,海洋化学,辽宁省大连市沙河口区中山路457号
"薛松',",中国科学院大连化学物理研究所,辽宁省,海洋生物能源,辽宁省大连市沙河口区中山路457号
"闫启仑',",国家海洋环境监测中心,辽宁省,海洋生物生态,辽宁省大连市沙河口区凌河街42号
"姚子伟',",国家海洋环境监测中心,辽宁省,环境科学、海洋监测,辽宁省大连市沙河口区凌河街42号
"于红',",大连海洋大学,辽宁省,数据挖掘,辽宁省大连市沙河口区黑石礁街52号
"于炜婷',",中国科学院大连化学物理研究所,辽宁省,生物医用材料工程领域,辽宁省大连市沙河口区中山路457号
"于永海',",国家海洋环境监测中心,辽宁省,海洋管理,辽宁省大连市沙河口区凌河街42号
"袁秀堂',",国家海洋环境监测中心,辽宁省,海洋资源恢复及环境修复,辽宁省大连市沙河口区凌河街42号
"张艾群',",中国科学院沈阳自动化研究所,辽宁省,水下机器人技术,辽宁省沈阳市沈河区南塔街114号
"张付云',",大连海洋大学,辽宁省,海洋生物资源综合利用,辽宁省大连市沙河口区黑石礁街52号
"张国琛',",大连海洋大学,辽宁省,水产品加工与贮藏工程,辽宁省大连市沙河口区黑石礁街52号
"张洪朋',",大连海事大学,辽宁省,轮机工程,辽宁省大连市凌海路1号
"张维英',",大连海洋大学,辽宁省,集装箱运输优化调度,辽宁省大连市沙河口区黑石礁街52号
"张永华',",国家海洋环境监测中心,辽宁省,海域管理,辽宁省大连市沙河口区凌河街42号
"张振冬',",国家海洋环境监测中心,辽宁省,海洋生态学,辽宁省大连市沙河口区凌河街42号
"张志锋',",国家海洋环境监测中心,辽宁省,海洋环境质量监测评价,辽宁省大连市沙河口区凌河街42号
"赵冬至',",国家海洋环境监测中心,辽宁省,海洋遥感与GIS应用,辽宁省大连市沙河口区凌河街42号
"赵建华',",国家海洋环境监测中心,辽宁省,海岸带遥感监测,辽宁省大连市沙河口区凌河街42号
"赵前程',",大连海洋大学,辽宁省,水产品精深加工与副产物综合利用,辽宁省大连市沙河口区黑石礁街52号
"赵全民',",国家海洋环境监测中心,辽宁省,海域使用权价值评估与有偿使用,辽宁省大连市沙河口区凌河街42号
"赵文',",大连海洋大学,辽宁省,海洋生态学,辽宁省大连市沙河口区黑石礁街52号
"赵小明',",中国科学院大连化学物理研究所,辽宁省,植物糖生物学,辽宁省大连市沙河口区中山路457号
"郑艳娜',",大连海洋大学,辽宁省,港口海岸及近海工程,辽宁省大连市沙河口区黑石礁街52号
"周玮',",大连海洋大学,辽宁省,水产养殖学,辽宁省大连市沙河口区黑石礁街52号
"周一兵',",大连海洋大学,辽宁省,海洋生物学与底栖动物学,辽宁省大连市沙河口区黑石礁街52号
"周志民',",中国船舶重工集团公司第七六研究所,辽宁省,海洋技术,辽宁省大连市中山区海滨街14号
"周遵春',",辽宁省海洋水产科学研究院,辽宁省,生态健康养殖,辽宁省大连市沙河口区黑石礁街50号
"包振民',",中国海洋大学,山东省,海洋生物遗传学与育种,山东省青岛市松岭路238号
"丁德文',",自然资源部第一海洋研究所,山东省,海洋生态与管理,山东省青岛市崂山区仙霞岭路6号
"方国洪',",自然资源部第一海洋研究所,山东省,海底构造与海洋地球物理,山东省青岛市崂山区仙霞岭路6号
"冯士i',",中国海洋大学,山东省,物理海洋和环境海洋,山东省青岛市松岭路238号
"管华诗',",中国海洋大学,山东省,海洋药物与生物功能制品的研究与开发,山东省青岛市松岭路238号
"侯保荣',",中国科学院海洋研究所,山东省,海洋化学,山东省青岛市南海路7号
"胡敦欣',",中国科学院海洋研究所,山东省,物理海洋，海洋水文,山东省青岛市南海路7号
"雷霁霖',",中国水产科学院黄海水产研究所,山东省,水产养殖,暂无
"李华军',",中国海洋大学,山东省,海洋工程结构动力分析,山东省青岛市松岭路238号
"李庆忠',",中国海洋大学,山东省,石油勘探,山东省青岛市松岭路238号
"刘鸿亮',",中国海洋大学,山东省,环境工程,山东省青岛市松岭路238号
"麦康森',",中国海洋大学,山东省,动物营养与饲料学,山东省青岛市松岭路238号
"宋微波',",中国海洋大学,山东省,原生生物学,山东省青岛市松岭路238号
"唐启升',",中国水产科学院黄海水产研究所,山东省,海洋渔业,山东省青岛市南京路106号
"文圣常',",中国海洋大学,山东省,海浪理论和应用研究,山东省青岛市松岭路238号
"吴立新',",中国海洋大学,山东省,物理海洋,山东省青岛市松岭路238号
"张福绥',",中国科学院海洋研究所,山东省,水产养殖,暂无
"张国伟',",中国海洋大学,山东省,地质,山东省青岛市松岭路238号
"毕建强',",自然资源部北海局,山东省,海洋物探,山东省青岛崂山区云岭路27号
"卜文瑞',",自然资源部第一海洋研究所,山东省,地球化学,山东省青岛市崂山区仙霞岭路6号
"蔡德泉',",威海市渔业技术推广站,山东省,海域管理,山东省威海市观海东路140号
"曹丛华',",自然资源部北海局,山东省,海洋观测预报,山东省青岛崂山区云岭路27号
"曹建亭',",山东省潍坊市海洋环境检测中心站,山东省,海洋管理,山东省潍坊市寒亭区中国食品谷食品大街1号
"曹振杰',",山东省淡水渔业研究院,山东省,科研管理及海洋公益专项研究,山东省济南市历下区解放路162号
"陈长贵',",中诚国际海洋工程勘察设计有限公司,山东省,港口与航道,山东省青岛市崂山区海尔路176号
"陈国明',",中国石油大学（华东）,山东省,海洋石油工程,山东省青岛市黄岛区长江西路66号
"陈颢',",自然资源部第一海洋研究所,山东省,海洋天然产物,山东省青岛市崂山区仙霞岭路6号
"陈锦年',",中国科学院海洋研究所,山东省,水电设备,山东省青岛市南海路7号
"陈尚',",中韩海洋科学共同研究中心,山东省,海洋生态,山东省青岛市崂山区仙霞岭路6号
"陈将',",自然资源部第一海洋研究所,山东省,海洋生态评价与管理　,山东省青岛市崂山区仙霞岭路6号
"陈世哲',",山东省科学院海洋仪器仪表研究所,山东省,海洋环境监测技术领域,山东省青岛浙江路28号
"陈述江',",山东省淡水渔业研究院,山东省,海洋与渔业研究,山东省济南市历下区解放路162号
"陈有光',",山东省淡水渔业研究院,山东省,水产养殖及设施渔业,山东省济南市历下区解放路162号
"陈志华',",自然资源部第一海洋研究所,山东省,极地海洋地质,青岛市崂山区仙霞岭路6号
"程振波',",自然资源部第一海洋研究所,山东省,海洋地质学及微体古生物学,山东省青岛市崂山区仙霞岭路6号
"丛杭军',",山东省水产设计院,山东省,水产养殖,山东省济南市解放路162号
"丛日祥',",莱山区海洋与渔业局渔业海洋站,山东省,水产养殖,山东省烟台市莱山区迎春大街172号
"崔国平',",山东省海洋资源与环境研究院,山东省,渔业工程,山东省烟台市经济开发区长江路216号
"崔文林',",自然资源部北海局,山东省,海洋环境监测与评价,山东省青岛崂山区云岭路27号
"崔晓军',",自然资源部北海局,山东省,海洋行政执法,山东省青岛崂山区云岭路27号
"崔迎春',",自然资源部第一海洋研究所,山东省,海底构造与海洋地球物理,山东省青岛市崂山区仙霞岭路6号
"笪良龙',",海军潜艇学院,山东省,水声工程,山东省青岛市四方区大沙支路4号
"戴永寿',",中国石油大学（华东）,山东省,海洋环境监测与海洋信息处理,山东省青岛市黄岛区长江西路66号
"单俊伟',",青岛海大生物集团有限公司,山东省,海洋生物,山东省青岛市香港东路23号
"党宏月',",中国石油大学（华东）,山东省,海洋环境监测与海洋信息处理,山东省青岛市黄岛区长江西路66号
"丁瑞胜',",山东省水产设计院,山东省,海域测量,山东省济南市解放路162号
"丁永耀',",自然资源部第一海洋研究所,山东省,物理海洋，海洋水文,山东省青岛市崂山区仙霞岭路6号
"丁志习',",山东省海洋与渔业信息中心,山东省,信息工程,山东省济南市市中区舜耕路48号
"董济军',",山东省渔业技术推广站,山东省,水产养殖,山东省济南市解放路162号
"董双林',",中国海洋大学,山东省,水产养殖,山东省青岛市松岭路238号
"董顺乐',",中国海洋大学,山东省,固体材料的计算机模拟研究,山东省青岛市松岭路238号
"窦硕增',",中国科学院海洋研究所,山东省,海洋生态学,山东省青岛市南海路7号
"杜德文',",自然资源部第一海洋研究所,山东省,海底构造与海洋地球物理,山东省青岛市崂山区仙霞岭路6号
"杜立彬',",山东省科学院海洋仪器仪表研究所,山东省,投弃式剖面探测技术,山东省青岛浙江路28号
"杜敏',",中国海洋大学,山东省,海洋腐蚀研究,山东省青岛市松岭路238号
"杜若谦',",山东水产外经总公司,山东省,水产养殖,山东省济南市解放路162号
"杜涛',",中国海洋大学,山东省,中国海海洋内波,山东省青岛市松岭路238号
"段德麟',",中国科学院海洋研究所,山东省,海洋生物,山东省青岛市南海路7号
"段登选',",山东省淡水渔业研究院,山东省,水产养殖,山东省济南市历下区解放路162号
"段继周',",中国科学院海洋研究所,山东省,海洋腐蚀与防护,山东省青岛市南海路7号
"樊廷俊',",中国海洋大学,山东省,海洋动物细胞工程,山东省青岛市松岭路238号
"范德江',",中国海洋大学,山东省,海洋调查与监测,山东省青岛市松岭路238号
"范玉华',",中国海洋大学,山东省,配位化学及生物无机化学,山东省青岛市松岭路238号
"范植松',",中国海洋大学,山东省,物理海洋学,山东省青岛市松岭路238号
"方建光',",中国水产科学院黄海水产研究所,山东省,海洋生物生态学,山东省青岛市南京路106号
"方奇志',",中国海洋大学,山东省,图论组合优化,山东省青岛市松岭路238号
"房树林',",自然资源部北海局,山东省,海洋观测预报业务管理,山东省青岛崂山区云岭路27号
"冯巨付',",中诚国际海洋工程勘察设计有限公司,山东省,港口与航道,山东省青岛市崂山区海尔路176号
"冯力骏',",山东大学,山东省,海洋生物功能基因克隆,山东省济南市山大南路27号
"冯丽娟',",中国海洋大学,山东省,特殊聚集态物质制备与应用,山东省青岛市松岭路238号
"冯秀丽',",中国海洋大学,山东省,海洋地质环境与工程,山东省青岛市松岭路238号
"付佩胜',",山东省淡水渔业研究院,山东省,水产养殖,山东省济南市历下区解放路162号
"傅刚',",中国海洋大学,山东省,海雾,山东省青岛市松岭路238号
"高会旺',",中国海洋大学,山东省,海洋生态动力学,山东省青岛市松岭路238号
"高惠瑛',",中国海洋大学,山东省,土木工程学,山东省青岛市松岭路238号
"高天翔',",中国海洋大学,山东省,渔业资源生物学,山东省青岛市松岭路238号
"高延铭',",自然资源部北海局,山东省,物理海洋、海洋信息技术、海洋综合管理,山东省青岛崂山区云岭路27号
"高振会',",国家深海基地管理中心,山东省,深海作业技术,山东省青岛市即墨区鳌山卫镇卫阳路1号
"宫庆礼',",中国海洋大学,山东省,大型藻类养殖与环境相关技术,山东省青岛市松岭路238号
"宫向红',",山东省海洋资源与环境研究院,山东省,水产养殖与水生动物遗传育种,山东省烟台市经济开发区长江路216号
"谷东起',",自然资源部第一海洋研究所,山东省,海岛海岸带环境演化,山东省青岛市崂山区仙霞岭路6号
"顾成柏',",日照职业技术学院水产学院,山东省,水产养殖,山东省日照市烟台北路16号
"顾谦群',",中国海洋大学,山东省,海洋天然药物化学,山东省青岛市松岭路238号
"官曙光',",山东省海洋生物研究院,山东省,水产健康养殖技术,山东省青岛市崂山区游云路7号
"管长龙',",中国海洋大学,山东省,物理海洋，海洋水文,山东省青岛市松岭路238号
"管磊',",中国海洋大学,山东省,海洋药物与生物功能制品的研究与开发,山东省青岛市松岭路238号
"管明财',",潍坊市海洋与渔业局,山东省,海洋捕捞,山东省威海市奎文区东风东街6396号
"郭炳火',",自然资源部第一海洋研究所,山东省,大洋及陆架环流研究,山东省青岛市崂山区仙霞岭路6号
"郭海燕',",中国海洋大学,山东省,海洋立管动力性能及防灾,山东省青岛市松岭路238号
"郭华荣',",中国海洋大学,山东省,鱼类细胞毒理学,山东省青岛市松岭路238号
"郭建国',",自然资源部北海局,山东省,海洋环境监测与管理,山东省青岛崂山区云岭路27号
"郭可彩',",自然资源部北海局,山东省,海洋灾害预报研究,山东省青岛崂山区云岭路27号
"郭明克',",自然资源部北海局,山东省,海洋观测技术,山东省青岛崂山区云岭路27号
"郭佩芳',",中国海洋大学,山东省,海洋资源与权益综合管理,山东省青岛市松岭路238号
"郭文',",山东省海洋生物研究院,山东省,水产健康养殖技术,山东省青岛市崂山区游云路7号
"郭勇',",山东水产外经总公司,山东省,水产养殖,山东省济南市解放路162号
"韩宝芹',",中国海洋大学,山东省,海洋资源与权益综合管理,山东省青岛市松岭路238号
"韩丽君',",中国科学院海洋研究所,山东省,海洋化学,山东省青岛市南海路7号
"韩树宗',",中国海洋大学,山东省,物理海洋，海洋水文,山东省青岛市松岭路238号
"何利民',",中国石油大学（华东）,山东省,深海集输系统流动保障及安全保障研究,山东省青岛市黄岛区长江西路66号
"何起祥',",青岛海洋地质研究所,山东省,海底构造与海洋地球物理,山东省青岛市福州南路62号
"侯广利',",山东省科学院海洋仪器仪表研究所,山东省,海洋环境监测技术领域,山东省青岛浙江路28号
"侯一筠',",中国科学院海洋研究所,山东省,物理海洋，海洋水文,山东省青岛市南海路7号
"胡宝强',",自然资源部北海局,山东省,海洋行政执法,山东省青岛崂山区云岭路27号
"胡晓钟',",中国海洋大学,山东省,原生动物学,山东省青岛市松岭路238号
"胡延忠',",自然资源部北海局,山东省,海洋行政执法,山东省青岛崂山区云岭路27号
"华锋',",自然资源部第一海洋研究所,山东省,海浪数值模拟,山东省青岛市崂山区仙霞岭路6号
"黄炳山',",山东省海洋资源与环境研究院,山东省,水生动物营养与饲料,山东省烟台市经济开发区长江路216号
"黄菲',",中国海洋大学,山东省,全球气候变化及气候动力学,山东省青岛市松岭路238号
"黄海军',",中国科学院海洋研究所,山东省,海底构造与海洋地球物理,山东省青岛市南海路7号
"黄树庆',",山东省渔业技术推广站,山东省,水产养殖,山东省济南市解放路162号
"黄维平',",中国海洋大学,山东省,深水油气开发装备设计研发,山东省青岛市松岭路238号
"黄晓航',",自然资源部第一海洋研究所,山东省,海洋生物学,山东省青岛市崂山区仙霞岭路6号
"黄彦良',",中国科学院海洋研究所,山东省,海底构造与海洋地球物理,山东省青岛市南海路7号
"姬光荣',",中国海洋大学,山东省,深水油气开发装备设计研发,山东省青岛市松岭路238号
"纪灵',",自然资源部北海局,山东省,海洋环境监测与评价,山东省青岛崂山区云岭路27号
"纪作福',",中海油山东海化集团硫酸钾厂,山东省,海洋化工,山东省潍坊滨海经济开发区
"贾永刚',",中国海洋大学,山东省,海洋地质灾害机理与监测研究,山东省青岛市松岭路238号
"见兰田',",潍坊市海洋与渔业局,山东省,水产养殖,山东省威海市奎文区东风东街6396号
"江崇波',",自然资源部北海局,山东省,海洋预报,山东省青岛崂山区云岭路27号
"江涛',",中国海洋大学,山东省,生物活性研究,山东省青岛市松岭路238号
"江文胜',",中国海洋大学,山东省,物理海洋学,山东省青岛市松岭路238号
"江晓路',",中国海洋大学,山东省,真菌活性多糖的发酵工艺及药理研究,山东省青岛市松岭路238号
"姜海滨',",山东省海洋资源与环境研究院,山东省,水产养殖,山东省烟台市经济开发区长江路216号
"姜宏川',",自然资源部北海局,山东省,水文气象,山东省青岛崂山区云岭路27号
"姜立生',",山东省海洋资源与环境研究院,山东省,水生动物营养与饲料,山东省烟台市经济开发区长江路216号
"姜人好',",山东省科学院海洋仪器仪表研究所,山东省,海洋水文气象观测,山东省青岛浙江路28号
"姜锡仁',",自然资源部北海局,山东省,海洋行政执法,山东省青岛崂山区云岭路27号
"姜作真',",烟台市水产研究所,山东省,港口与航道,山东省烟台市莱山区银海路26号
"蒋济同',",中国海洋大学,山东省,结构健康监测,山东省青岛市松岭路238号
"解相林',",日照职业技术学院水产学院,山东省,水产养殖,山东省日照市烟台北路16号
"隽云昌',",山东省潍坊市海洋环境检测中心站,山东省,水产养殖,山东省潍坊市寒亭区中国食品谷食品大街1号
"兰健',",中国海洋大学,山东省,物理海洋，海洋水文,山东省青岛市松岭路238号
"蓝先洪',",青岛海洋地质研究所,山东省,海底构造与海洋地球物理,山东省青岛市福州南路62号
"类彦立',",中国科学院海洋研究所,山东省,微型底栖生物,山东省青岛市南海路7号
"李安春',",中国科学院海洋研究所,山东省,海底构造与海洋地球物理,山东省青岛市南海路7号
"李八方',",中国海洋大学,山东省,海洋活性物质极其功能制品研究,山东省青岛市松岭路238号
"李成林',",山东省海洋生物研究院,山东省,水产健康养殖技术,山东省青岛市崂山区游云路7号
"李春',",青岛海洋地质研究所,山东省,工程地质,山东省青岛市福州南路62号
"李春虎',",中国海洋大学,山东省,天然气和煤气脱硫,山东省青岛市松岭路238号
"李德顺',",昌邑市海洋与渔业局,山东省,水产养殖,山东省昌邑市平安街1669号
"李广雪',",中国海洋大学,山东省,天然气和煤气脱硫,山东省青岛市松岭路238号
"李国江',",莱州市海洋与渔业局,山东省,水产养殖,山东省莱州市莱州北路760号
"李军',",中国科学院海洋研究所,山东省,海洋生物,山东省青岛市南海路7号
"李鲁晶',",山东省渔业技术推广站,山东省,水生生物增养殖技术,山东省济南市解放路162号
"李美真',",山东省海洋生物研究院,山东省,海藻生物学与栽培技术,山东省青岛市崂山区游云路7号
"李民',",山东省科学院海洋仪器仪表研究所,山东省,海洋技术,山东省青岛浙江路28号
"李培顺',",自然资源部北海局,山东省,物理海洋，海洋水文,山东省青岛崂山区云岭路27号
"李培英',",自然资源部第一海洋研究所,山东省,海底构造与海洋地球物理,山东省青岛市崂山区仙霞岭路6号
"李鹏程',",中国科学院海洋研究所,山东省,海洋化学,山东省青岛市南海路7号
"李萍',",自然资源部第一海洋研究所,山东省,海底构造与海洋地球物理,山东省青岛市崂山区仙霞岭路6号
"李琪',",中国海洋大学,山东省,水产动物遗传育种,山东省青岛市松岭路238号
"李瑞香',",自然资源部第一海洋研究所,山东省,海洋生物,山东省青岛市崂山区仙霞岭路6号
"李三忠',",中国海洋大学,山东省,构造地质与大地构造,山东省青岛市松岭路238号
"李绍全',",青岛海洋地质研究所,山东省,海底构造与海洋地球物理,山东省青岛市福州南路62号
"李淑民',",海洋石油工程（青岛）有限公司,山东省,水产养殖,山东省青岛市经济技术开发区连江路492号
"李天保',",山东省海洋生物研究院,山东省,病害防治,山东省青岛市崂山区游云路7号
"李铁刚',",中国科学院海洋研究所,山东省,海底构造与海洋地球物理,山东省青岛市南海路7号
"李先国',",中国海洋大学,山东省,海洋有机生物地球化学,山东省青岛市松岭路238号
"李欣',",中国海洋大学,山东省,通信传输技术,山东省青岛市松岭路238号
"李新正',",中国科学院海洋研究所,山东省,海洋生物,山东省青岛市南海路7号
"李秀启',",山东省淡水渔业研究院,山东省,水产养殖,山东省济南市历下区解放路162号
"李延团',",中国海洋大学,山东省,海洋活性产物的修饰与优化,山东省青岛市松岭路238号
"李扬',",中诚国际海洋工程勘察设计有限公司,山东省,港口与航道,山东省青岛市崂山区海尔路176号
"李予国',",中国海洋大学,山东省,电磁场数值模拟及资料解释方法,山东省青岛市崂山区松岭路238号
"李玉春',",山东大学,山东省,动物学与动物生态学,山东省济南市山大南路27号
"李越中',",山东大学,山东省,应用微生物学,山东省济南市山大南路27号
"李振春',",中国石油大学（华东）,山东省,应用地球物理,山东省青岛市黄岛区长江西路66号
"李自强',",总参气象水文空间天气总站,山东省,应用海洋学,NULL
"梁瑞才',",自然资源部第一海洋研究所,山东省,地质地球物理,山东省青岛市崂山区仙霞岭路6号
"梁瑞青',",山东省渔业技术推广站,山东省,水生生物增养殖技术,山东省济南市解放路162号
"梁英',",中国海洋大学,山东省,电磁场数值模拟及资料解释方法,山东省青岛市松岭路238号
"梁振林',",山东大学,山东省,海洋捕捞,山东省威海市文化西路180号
"林洪',",中国海洋大学,山东省,电磁场数值模拟及资料解释方法,山东省青岛市松岭路238号
"林学政',",自然资源部第一海洋研究所,山东省,海洋生物活性物质,山东省青岛市崂山区仙霞岭路6号
"刘爱英',",山东省海洋资源与环境研究院,山东省,海洋与渔业环境监测与评价,山东省烟台市经济开发区长江路216号
"刘保华',",国家深海基地管理中心,山东省,深海调查技术,山东省青岛市即墨区鳌山卫镇卫阳路1号
"刘晨光',",中国海洋大学,山东省,生物化学与纳米生物技术,山东省青岛市松岭路238号
"刘贯群',",中国海洋大学,山东省,地下水资源评价与管理,山东省青岛市松岭路238号
"刘光兴',",中国海洋大学,山东省,海洋生态学,山东省青岛市松岭路238号
"刘贵杰',",中国海洋大学,山东省,水下自治航行器主体设计,山东省青岛市松岭路238号
"刘红军',",中国海洋大学,山东省,水下自治航行器主体设计,山东省青岛市松岭路238号
"刘洪军',",山东省海洋生物研究院,山东省,水产养殖,山东省青岛市崂山区游云路7号
"刘怀山',",中国海洋大学,山东省,油气勘探,山东省青岛市松岭路238号
"刘建国',",中国科学院海洋研究所,山东省,海洋生物,山东省青岛市南海路7号
"刘健',",青岛海洋地质研究所,山东省,海底构造与海洋地球物理,山东省青岛市福州南路62号
"刘杰',",日照市水产名优苗种场,山东省,水产养殖,山东省日照市东港区张家台村北
"刘乐军',",自然资源部第一海洋研究所,山东省,海洋灾害地质与工程地质,山东省青岛市崂山区仙霞岭路6号
"刘丽娟',",山东省海洋资源与环境研究院,山东省,海洋生态环境监测,山东省烟台市经济开发区长江路216号
"刘梦侠',",山东省海洋生物研究院,山东省,水产养殖,山东省青岛市崂山区游云路7号
"刘颇贤',",日照市水产集团总公司,山东省,水产养殖,山东省日照市北京路231
"刘秦玉',",中国海洋大学,山东省,海洋动力学与海洋大气相互作用,山东省青岛市松岭路238号
"刘清华',",中国科学院海洋研究所,山东省,海洋生物,山东省青岛市南海路7号
"刘升平',",青岛农业大学,山东省,水产养殖,山东省青岛市城阳区长城路700号
"刘世萱',",山东省科学院海洋仪器仪表研究所,山东省,海洋环境监测技术领域,山东省青岛浙江路28号
"刘守全',",青岛海洋地质研究所,山东省,海底构造与海洋地球物理,山东省青岛市福州南路62号
"刘素美',",中国海洋大学,山东省,生源要素的海洋生物地球化学,山东省青岛市松岭路238号
"刘涛',",中国海洋大学,山东省,藻类育种学,山东省青岛市松岭路238号
"刘万顺',",中国海洋大学,山东省,藻类育种学,山东省青岛市松岭路238号
"刘伟民',",自然资源部第一海洋研究所,山东省,海洋可再生能源,山东省青岛市崂山区仙霞岭路6号
"刘相全',",山东省海洋资源与环境研究院,山东省,水产养殖,山东省烟台市经济开发区长江路216号
"刘晓',",中国科学院海洋研究所,山东省,海洋生物,山东省青岛市南海路7号
"刘岩',",山东省科学院海洋仪器仪表研究所,山东省,海洋生态环境监测技术,山东省青岛浙江路28号
"刘焱雄',",自然资源部第一海洋研究所,山东省,海洋测绘,山东省青岛市崂山区仙霞岭路6号
"刘义豪',",山东省海洋资源与环境研究院,山东省,水生动物营养与饲料,山东省烟台市经济开发区长江路216号
"刘永胜',",烟台市水产研究所,山东省,港口与航道,山东省烟台市莱山区银海路26号
"刘玉会',",乳山市水产技术推广站,山东省,水产养殖,山东省乳山市府前路4号
"刘振华',",日照职业技术学院水产学院,山东省,水产养殖,山东省日照市烟台北路16号
"刘振林',",威海市环翠区海洋与渔业局,山东省,海洋观测、监测 海洋可再生能源开发利用,山东省威海市环翠区渔港路68号-2
"刘政海',",威海市渔业技术推广站,山东省,水产养殖,山东省威海市观海东路140号
"柳学周',",中国水产科学院黄海水产研究所,山东省,海洋生物,山东省青岛市南京路106号
"陆会胜',",自然资源部北海局,山东省,船舶管理,山东省青岛崂山区云岭路27号
"吕海良',",自然资源部北海局,山东省,物理海洋、海洋信息技术、海洋综合管理,山东省青岛崂山区云岭路27号
"吕咸青',",中国海洋大学,山东省,海洋动力学,山东省青岛市松岭路238号
"吕元萌',",山东荣信水产食品集团股份有限公司,山东省,卫检,山东省日照市东港区高科技园区富阳路
"吕振波',",山东省海洋资源与环境研究院,山东省,渔业工程,山东省烟台市经济开发区长江路216号
"吕志华',",中国海洋大学,山东省,海洋药物,山东省青岛市松岭路238号
"马德毅',",自然资源部第一海洋研究所,山东省,海洋生态环境保护,山东省青岛市崂山区仙霞岭路6号
"马继忠',",寿光市渔政监督管理站,山东省,水产养殖,山东省寿光市羊口镇望海街寿光渔港
"马建新',",山东省海洋资源与环境研究院,山东省,海洋与渔业环境监测与评价,山东省烟台市经济开发区长江路216号
"马绍赛',",中国水产科学院黄海水产研究所,山东省,海洋生物,山东省青岛市南京路106号
"毛文君',",中国海洋大学,山东省,海洋生物,山东省青岛市松岭路238号
"茅云翔',",中国海洋大学,山东省,藻类分子生物学与遗传育种,山东省青岛市松岭路238号
"缪锦来',",自然资源部第一海洋研究所,山东省,海洋生物工程与技术,山东省青岛市崂山区仙霞岭路6号
"牟信侃',",自然资源部北海局,山东省,工程地质,山东省青岛崂山区云岭路27号
"穆穆',",中国科学院海洋研究所,山东省,应用数学,山东省青岛市南海路7号
"聂爱宏',",山东省海洋生物研究院,山东省,水产养殖,山东省青岛市崂山区游云路7号
"潘克厚',",中国海洋大学,山东省,应用微藻生物学,山东省青岛市松岭路238号
"潘鲁青',",中国海洋大学,山东省,水产动物环境生理学,山东省青岛市松岭路238号
"潘秀莲',",山东省渔业技术推广站,山东省,海洋管理,山东省济南市解放路162号
"逄少军',",中国科学院海洋研究所,山东省,海洋生物,山东省青岛市南海路7号
"彭英海',",山东美佳集团有限公司,山东省,水产加工,山东省日照市海滨一路119号
"漆随平',",山东省科学院海洋仪器仪表研究所,山东省,海洋环境监测技术及装备,山东省青岛浙江路28号
"齐鹏',",中国科学院海洋研究所,山东省,物理海洋学,山东省青岛市南海路7号
"乔方利',",自然资源部第一海洋研究所,山东省,海洋动力学,山东省青岛市崂山区仙霞岭路6号
"乔淑卿',",自然资源部第一海洋研究所,山东省,海底构造与海洋地球物理,山东省青岛市崂山区仙霞岭路6号
"秦勃',",中国海洋大学,山东省,海洋化学,山东省青岛市松岭路238号
"秦平',",自然资源部北海局,山东省,海洋标准计量,山东省青岛崂山区云岭路27号
"秦松',",中国科学院烟台海岸带研究所,山东省,海洋生物学,山东省烟台市莱山区春晖路17号
"秦蕴珊',",中国科学院海洋研究所,山东省,海底构造与海洋地球物理,山东省青岛市南海路7号
"邱兆星',",山东省海洋生物研究院,山东省,水产养殖,山东省青岛市崂山区游云路7号
"曲维功',",烟台市海洋捕捞增殖管理站,山东省,海洋管理,山东省烟台市银海路26号
"曲学忠',",山东省海洋资源与环境研究院,山东省,海洋捕捞,山东省烟台市经济开发区长江路216号
"任向文',",自然资源部第一海洋研究所,山东省,富钴结壳成矿作用,山东省青岛市崂山区仙霞岭路6号
"任永秋',",海阳市大山海洋与渔业工作站,山东省,水产养殖,山东省海阳市大山乡
"汝少国',",中国海洋大学,山东省,污染生态学,山东省青岛市松岭路238号
"沈志良',",中国科学院海洋研究所,山东省,海洋化学,山东省青岛市南海路7号
"绳秀珍',",中国海洋大学,山东省,水产动物病害与免疫学,山东省青岛市松岭路238号
"盛立芳',",中国海洋大学,山东省,海面风场,山东省青岛市松岭路238号
"石洪华',",自然资源部第一海洋研究所,山东省,海洋生态学,山东省青岛市崂山区仙霞岭路6号
"石强',",自然资源部北海局,山东省,物理海洋，海洋水文,山东省青岛崂山区云岭路27号
"石晓勇',",中国海洋大学,山东省,海面风场,山东省青岛市松岭路238号
"时洁',",烟台市水产研究所,山东省,海洋化学,暂无
"史大永',",中国科学院海洋研究所,山东省,海洋药物,山东省青岛市南海路7号
"史宏达',",中国海洋大学,山东省,海洋可再生能源,山东省青岛市松岭路238号
"史久新',",中国海洋大学,山东省,极地物理海洋学,山东省青岛市松岭路238号
"侍茂崇',",中国海洋大学,山东省,浅海海流动力学,山东省青岛市松岭路238号
"宋吉德',",威海市渔业技术推广站,山东省,海洋与渔业环境监测评价,山东省威海市观海东路140号
"宋金宝',",中国科学院海洋研究所,山东省,物理海洋，海洋水文,山东省青岛市南海路7号
"宋理平',",山东省淡水渔业研究院,山东省,水产动物营养,山东省济南市历下区解放路162号
"宋林生',",中国科学院海洋研究所,山东省,海洋生物遗传学,山东省青岛市南海路7号
"宋全山',",日照市海洋与渔业局,山东省,轮机管理,山东省日照市北京路188号
"宋维彦',",日照职业技术学院水产学院,山东省,水产养殖,山东省日照市烟台北路16号
"宋向军',",山东省海洋资源与环境研究院,山东省,海洋生物,山东省烟台市经济开发区长江路216号
"宋志乐',",烟台市芝罘区渔业技术推广站,山东省,海洋捕捞,山东省烟台市北马路194号
"隋正红',",中国海洋大学,山东省,原生生物学,山东省青岛市松岭路238号
"孙宝江',",中国石油大学（华东）,山东省,油气井流体力学与工程,山东省青岛市黄岛区长江西路66号
"孙澈',",中国科学院海洋研究所,山东省,物理海洋，海洋水文,山东省青岛市南海路7号
"孙承君',",自然资源部第一海洋研究所,山东省,生物化学,山东省青岛市崂山区仙霞岭路6号
"孙春录',",烟台经济技术开发区农业与海洋渔业局,山东省,海洋捕捞,山东省烟台市长江路129号
"孙福新',",山东省海洋生物研究院,山东省,水产养殖,山东省青岛市崂山区游云路7号
"孙国华',",山东省海洋资源与环境研究院,山东省,海洋生物遗传育种与海洋生物生态,山东省烟台市经济开发区长江路216号
"孙吉亭',",山东省海洋经济文化研究院山东社会科学院,山东省,海洋信息化、海洋经济、海洋战略规划与法律,山东省青岛市金湖路8号
"孙即霖',",中国海洋大学,山东省,大尺度海气相互作用和气候变化,山东省青岛市松岭路238号
"孙继昌',",山东省科学院海洋仪器仪表研究所,山东省,海洋观测、监测 海洋可再生能源开发利用,山东省青岛浙江路28号
"孙坤言',",乳山市水生动物疫病防疫站,山东省,水产养殖,山东省乳山市府前路6号
"孙黎',",中国科学院海洋研究所,山东省,物理海洋，海洋水文,山东省青岛市南海路7号
"孙培艳',",自然资源部北海局,山东省,海洋化学,山东省青岛崂山区云岭路27号
"孙圣堂',",自然资源部北海局,山东省,海洋测绘,山东省青岛崂山区云岭路27号
"孙世春',",中国海洋大学,山东省,海洋无脊椎动物生物学,山东省青岛市松岭路238号
"孙松',",中国科学院海洋研究所,山东省,海洋生态,山东省青岛市南海路7号
"孙湘平',",自然资源部第一海洋研究所,山东省,中国海区域海洋学,山东省青岛市崂山区仙霞岭路6号
"孙修勤',",自然资源部第一海洋研究所,山东省,海洋生物活性物质,山东省青岛市崂山区仙霞岭路6号
"孙永杰',",烟台市芝罘区渔业技术推广站,山东省,海洋捕捞,山东省烟台市北马路194号
"孙玉增',",山东省海洋资源与环境研究院,山东省,渔业产品质量安全检验与评价,山东省烟台市经济开发区长江路216号
"孙玉忠',",山东省日照市水产研究所,山东省,港口与航道,山东省日照市东港区碧海路88号
"汤毓祥',",自然资源部第一海洋研究所,山东省,海洋生物活性物质,山东省青岛市崂山区仙霞岭路6号
"唐学玺',",中国海洋大学,山东省,海洋生态学,山东省青岛市松岭路238号
"唐玉光',",寿光市渔政监督管理站,山东省,海洋观测、监测 海洋可再生能源开发利用,山东省寿光市羊口镇望海街寿光渔港
"唐原广',",中国海洋大学,山东省,海洋仪器的研制与开发,山东省青岛市松岭路238号
"提建新',",莱州市海洋与渔业局,山东省,水产养殖,山东省莱州市莱州北路760号
"田纪伟',",中国海洋大学,山东省,海洋仪器的研制与开发,山东省青岛市松岭路238号
"田黎',",自然资源部第一海洋研究所,山东省,海洋生物资源利用,山东省青岛市崂山区仙霞岭路6号
"万荣',",中国海洋大学,山东省,增殖养殖工程水动力学,山东省青岛市松岭路238号
"汪东风',",中国海洋大学,山东省,食品化学与营养,山东省青岛市松岭路238号
"王保栋',",自然资源部第一海洋研究所,山东省,海洋化学,山东省青岛市崂山区仙霞岭路6号
"王斌贵',",中国科学院海洋研究所,山东省,海洋药物,山东省青岛市南海路7号
"王波',",自然资源部第一海洋研究所,山东省,水产养殖,山东省青岛市崂山区仙霞岭路6号
"王长云',",中国海洋大学,山东省,海洋药物化学,山东省青岛市松岭路238号
"王春生',",山东省淡水渔业研究院,山东省,水产动物营养,山东省济南市历下区解放路162号
"王东明',",山东省科学院海洋仪器仪表研究所,山东省,海洋仪器的研究与开发,山东省青岛浙江路28号
"王法明',",中国科学院海洋研究所,山东省,物理海洋，海洋水文,山东省青岛市南海路7号
"王凡',",中国科学院海洋研究所,山东省,物理海洋，海洋水文,山东省青岛市南海路7号
"王芳',",中国海洋大学,山东省,水产养殖生态学,山东省青岛市松岭路238号
"王刚',",自然资源部北海局,山东省,环境生态,山东省青岛崂山区云岭路27号
"王广策',",中国科学院海洋研究所,山东省,海洋生物,山东省青岛市南海路7号
"王海涛',",文登市水产技术推广站,山东省,水产养殖,山东省威海市文山路50号
"王海增',",中国海洋大学,山东省,海水资源利用,山东省青岛市松岭路238号
"王厚杰',",中国海洋大学,山东省,海洋沉积动力学,山东省青岛市松岭路238号
"王际英',",山东省海洋资源与环境研究院,山东省,水生动物营养与饲料,山东省烟台市经济开发区长江路216号
"王佳',",中国海洋大学,山东省,腐蚀电化学,山东省青岛市松岭路238号
"王建国',",中国海洋大学,山东省,嵌入式技术与智能仪器,山东省青岛市松岭路238号
"王江涛',",中国海洋大学,山东省,赤潮与富营养化,山东省青岛市松岭路238号
"王金星',",山东大学,山东省,海洋生物学,山东省济南市山大南路27号
"王晶',",中国海洋大学,山东省,赤潮与富营养化,山东省青岛市松岭路238号
"王静凤',",中国海洋大学,山东省,海洋生物活性物质,山东省青岛市松岭路238号
"王雷',",中国科学院海洋研究所,山东省,海洋生物,山东省青岛市南海路7号
"王莉萍',",中国海洋大学,山东省,随机海浪,山东省青岛市松岭路238号
"王令充',",中国海洋大学,山东省,海洋生物资源开发利用,暂无
"王茂剑',",山东省海洋资源与环境研究院,山东省,水生动物营养与饲料,山东省烟台市经济开发区长江路216号
"王宁',",中国海洋大学,山东省,水声学,山东省青岛市松岭路238号
"王培刚',",自然资源部北海局,山东省,海岛管理技术研究,山东省青岛崂山区云岭路27号
"王启',",中国海洋大学,山东省,大尺度海气相互作用,山东省青岛市松岭路238号
"王钦东',",山东省淡水渔业研究院,山东省,水产养殖,山东省济南市历下区解放路162号
"王圣洁',",青岛海洋地质研究所,山东省,海底构造与海洋地球物理,山东省青岛市福州南路62号
"王世党',",文登市水产技术推广站,山东省,水产养殖,山东省威海市文山路50号
"王世信',",山东省海洋资源与环境研究院,山东省,水生动物营养与饲料,山东省烟台市经济开发区长江路216号
"王树杰',",中国海洋大学,山东省,海洋工程装备与仪器,山东省青岛市松岭路238号
"王伟',",中国海洋大学,山东省,热盐环流,山东省青岛市松岭路238号
"王卫民',",海阳市海洋综合管理站,山东省,水产养殖,山东省海阳市海滨中路196号
"王文琪',",青岛农业大学,山东省,海洋生物学,山东省青岛市城阳区长城路700号
"王昕',",中国海洋大学,山东省,海洋防腐材料及工艺,山东省青岛市松岭路238号
"王修田',",中国海洋大学,山东省,石油与天然气水合物勘探,山东省青岛市松岭路238号
"王秀芹',",中国海洋大学,山东省,海洋温盐分析预报,山东省青岛市松岭路238号
"王雪梅',",山东省日照市水产研究所,山东省,港口与航道,山东省日照市东港区碧海路88号
"王延江',",中国石油大学（华东）,山东省,信息与通信工程,山东省青岛市黄岛区长江西路66号
"王业桂',",总参气象水文空间天气总站,山东省,电机,NULL
"王银邦',",中国海洋大学,山东省,工程断裂力学,山东省青岛市松岭路238号
"王印庚',",中国水产科学院黄海水产研究所,山东省,海洋生物,山东省青岛市南京路106号
"王颖',",山东省海洋生物研究院,山东省,水产品利用与安全,山东省青岛市崂山区游云路7号
"王永刚',",自然资源部第一海洋研究所,山东省,潮汐潮流及环流的分析和数值模拟研究,山东省青岛市崂山区仙霞岭路6号
"王勇强',",山东省海洋生物研究院,山东省,水产养殖药物与病害防治,山东省青岛市崂山区游云路7号
"王玉新',",山东省淡水渔业研究院,山东省,淡水养殖,山东省济南市历下区解放路162号
"王育红',",山东省海洋资源与环境研究院,山东省,海洋资源与生态,山东省烟台市经济开发区长江路216号
"王云中',",山东省海洋捕捞生产管理站,山东省,渔业增殖,山东省烟台市北马路193号
"王运国',",山东省海洋捕捞生产管理站,山东省,海洋捕捞管理,山东省烟台市北马路193号
"王昭萍',",中国海洋大学,山东省,贝类苗种繁育级细胞遗传育种,山东省青岛市松岭路238号
"王珍岩',",中国科学院海洋研究所,山东省,海底构造与海洋地球物理,山东省青岛市南海路7号
"王振杰',",中国石油大学（华东）,山东省,大地测量学与测量工程,山东省青岛市黄岛区长江西路66号
"王震宇',",中国海洋大学,山东省,水环境污染物迁移转化及污染修复,山东省青岛市松岭路238号
"王宗灵',",自然资源部第一海洋研究所,山东省,潮汐潮流和海洋环流研究 海洋环境数值模拟,山东省青岛市崂山区仙霞岭路6号
"魏邦福',",日照市渔业技术推广站,山东省,轮机管理,山东省日照市海滨一路109号
"魏恩泊',",中国科学院海洋研究所,山东省,物理海洋，海洋水文,山东省青岛市南海路7号
"魏合龙',",青岛海洋地质研究所,山东省,海底构造与海洋地球物理,山东省青岛市福州南路62号
"魏泽勋',",自然资源部第一海洋研究所,山东省,潮汐潮流和海洋环流研究 海洋环境数值模拟,山东省青岛市崂山区仙霞岭路6号
"魏振钢',",中国海洋大学,山东省,软件工程与信息系统,山东省青岛市松岭路238号
"魏振华',",山东省海洋资源与环境研究院,山东省,水生动物营养与饲料,山东省烟台市经济开发区长江路216号
"魏志强',",中国海洋大学,山东省,软件工程与信息系统,山东省青岛市松岭路238号
"温海深',",中国海洋大学,山东省,鱼类生理与繁育,山东省青岛市松岭路238号
"吴德星',",中国海洋大学,山东省,海洋环流动力学,山东省青岛市松岭路238号
"吴海一',",山东省海洋生物研究院,山东省,海洋生态学,山东省青岛市崂山区游云路7号
"吴建政',",中国海洋大学,山东省,海洋地质与工程地质调查研究,山东省青岛市松岭路238号
"吴克俭',",中国海洋大学,山东省,波流相互作用理论,山东省青岛市松岭路238号
"吴桑云',",自然资源部第一海洋研究所,山东省,海岛与海岸带,山东省青岛市崂山区仙霞岭路6号
"吴时国',",中国科学院海洋研究所,山东省,海底构造与海洋地球物理,山东省青岛市南海路7号
"吴兴伟',",山东省海洋资源与环境研究院,山东省,海域使用管理,山东省烟台市经济开发区长江路216号
"吴永华',",自然资源部第一海洋研究所,山东省,古海洋学,山东省青岛市崂山区仙霞岭路6号
"吴永亭',",自然资源部第一海洋研究所,山东省,海洋测绘,山东省青岛市崂山区仙霞岭路6号
"夏树伟',",中国海洋大学,山东省,海洋防污剂的定量构效关系,山东省青岛市松岭路238号
"相建海',",中国科学院海洋研究所,山东省,海洋生物,山东省青岛市南海路7号
"肖志忠',",中国科学院海洋研究所,山东省,海洋生物,山东省青岛市南海路7号
"邢红艳',",山东省海洋资源与环境研究院,山东省,海洋与渔业环境监测评价,山东省烟台市经济开发区长江路216号
"邢婧',",中国海洋大学,山东省,病害免疫,山东省青岛市松岭路238号
"徐奎栋',",中国科学院海洋研究所,山东省,海洋生物,山东省青岛市南海路7号
"徐兴平',",中国石油大学（华东）,山东省,海洋石油装备,山东省青岛市黄岛区长江西路66号
"徐兴永',",自然资源部第一海洋研究所,山东省,海底构造与海洋地球物理,山东省青岛市崂山区仙霞岭路6号
"徐永生',",中国科学院海洋研究所,山东省,物理海洋，海洋水文,山东省青岛市南海路7号
"徐珍祥',",山东水产外经总公司,山东省,检验检测,山东省济南市解放路162号
"许建杰',",乳山市水生动物疫病防疫站,山东省,水产养殖,山东省乳山市府前路6号
"薛长湖',",中国海洋大学,山东省,海洋生物资源利用,山东省青岛市松岭路238号
"鄢全树',",自然资源部第一海洋研究所,山东省,岩石地球化学,山东省青岛市崂山区仙霞岭路6号
"阎军',",中国科学院海洋研究所,山东省,海底构造与海洋地球物理,山东省青岛市南海路7号
"杨宝清',",山东省海洋捕捞生产管理站,山东省,海洋牧场,山东省烟台市北马路193号
"杨官品',",中国海洋大学,山东省,环境生物的分子遗传学,山东省青岛市松岭路238号
"杨桂朋',",中国海洋大学,山东省,海洋化学,山东省青岛市松岭路238号
"杨红生',",中国科学院海洋研究所,山东省,海洋生态,山东省青岛市南海路7号
"杨建敏',",山东省海洋资源与环境研究院,山东省,水产养殖与水生动物遗传育种,山东省烟台市经济开发区长江路216号
"杨建强',",自然资源部北海局,山东省,海洋生物,山东省青岛崂山区云岭路27号
"杨金森',",中国海洋大学,山东省,海洋政策,暂无
"杨俊杰',",中国海洋大学,山东省,水泥土桩的承载特性,山东省青岛市松岭路238号
"杨立',",山东省科学院海洋仪器仪表研究所,山东省,海洋环境监测仪器装备研究与制作,山东省青岛浙江路28号
"杨玲',",山东省淡水渔业研究院,山东省,水产养殖,山东省济南市历下区解放路162号
"杨秀生',",山东省海洋生物研究院,山东省,海水养殖病害防治,山东省青岛市崂山区游云路7号
"杨永春',",中国海洋大学,山东省,海洋工程结构动力分析,山东省青岛市松岭路238号
"杨永增',",自然资源部第一海洋研究所,山东省,海浪数值模拟,山东省青岛市崂山区仙霞岭路6号
"杨作升',",中国海洋大学,山东省,海浪与海上结构物相互作用,山东省青岛市松岭路238号
"姚振刚',",日照市海水育苗场,山东省,病害防治,山东省临沂市石臼文化路28号
"叶海斌',",山东省海洋生物研究院,山东省,病害防治,山东省青岛市崂山区游云路7号
"叶思源',",青岛海洋地质研究所,山东省,环境地质,山东省青岛市福州南路62号
"尹宝树',",中国科学院海洋研究所,山东省,物理海洋，海洋水文,山东省青岛市南海路7号
"尹延鸿',",青岛海洋地质研究所,山东省,海底构造与海洋地球物理,山东省青岛市福州南路62号
"印萍',",青岛海洋地质研究所,山东省,海底构造与海洋地球物理,山东省青岛市福州南路62号
"尤锋',",中国科学院海洋研究所,山东省,海洋生物,山东省青岛市南海路7号
"游光荣',",军事科学院评估论证研究中心,山东省,管理科学与工程,NULL
"于炳礼',",烟台市海洋捕捞增殖管理站,山东省,海洋捕捞,山东省烟台市银海路26号
"于炳亮',",山东省科学院海洋仪器仪表研究所,山东省,海洋仪器研究与开发,山东省青岛浙江路28号
"于成宝',",烟台经济技术开发区农业与海洋渔业局,山东省,轮机管理,山东省烟台市长江路129号
"于定勇',",中国海洋大学,山东省,海浪与海上结构物相互作用,山东省青岛市松岭路238号
"于非',",中国科学院海洋研究所,山东省,物理海洋，海洋水文,山东省青岛市南海路7号
"于广利',",中国海洋大学,山东省,糖化学与糖药物学,山东省青岛市松岭路238号
"于洪军',",自然资源部第一海洋研究所,山东省,海洋地质与第四纪地质,山东省青岛市崂山区仙霞岭路6号
"于良民',",中国海洋大学,山东省,环境友好型海洋防护材料与应用技术,山东省青岛市松岭路238号
"于诗群',",文登市水产技术推广站,山东省,海洋管理,山东省威海市文山路50号
"于文功',",中国海洋大学,山东省,海洋药物,山东省青岛市松岭路238号
"于希军',",山东省潍坊市盐业公司,山东省,海洋化工,山东省潍坊市奎文区东风东街201号
"于新生',",中国海洋大学,山东省,海洋监测技术与信息处理,山东省青岛市松岭路238号
"于勇军',",乳山市水生动物疫病防疫站,山东省,海洋管理,山东省乳山市府前路6号
"于志刚',",中国海洋大学,山东省,海洋生物地球化学,山东省青岛市松岭路238号
"俞志明',",中国科学院海洋研究所,山东省,物理海洋，海洋水文,山东省青岛市南海路7号
"原永党',",威海市环翠区海洋与渔业研究所,山东省,水产养殖,山东省威海市环翠区渔港路68号-2
"袁丁',",自然资源部北海局,山东省,海洋预报监测,山东省青岛崂山区云岭路27号
"袁东亮',",中国科学院海洋研究所,山东省,物理海洋，海洋水文,山东省青岛市南海路7号
"袁业立',",自然资源部第一海洋研究所,山东省,海浪数值建模,山东省青岛市崂山区仙霞岭路6号
"袁玉宝',",山东省外经项目管理办公室,山东省,信息工程,山东省济南市市中区舜耕路48号
"臧家业',",自然资源部第一海洋研究所,山东省,潮汐潮流和海洋环流研究 海洋环境数值模拟,山东省青岛市崂山区仙霞岭路6号
"曾志刚',",中国科学院海洋研究所,山东省,海底构造与海洋地球物理,山东省青岛市南海路7号
"翟世奎',",中国海洋大学,山东省,海洋地球化学,山东省青岛市松岭路238号
"詹冬梅',",山东省海洋生物研究院,山东省,海洋生态学,山东省青岛市崂山区游云路7号
"战文斌',",中国海洋大学,山东省,水产养殖动物病害,山东省青岛市松岭路238号
"张爱君',",自然资源部北海局,山东省,海洋生态,山东省青岛崂山区云岭路27号
"张宝信',",中诚国际海洋工程勘察设计有限公司,山东省,港口与航道,山东省青岛市崂山区海尔路176号
"张崇禧',",山东大学,山东省,药用动植物功能食品开发利用,山东省济南市山大南路27号
"张德超',",中国科学院海洋研究所,山东省,海洋生物活性物质,山东省青岛市南海路7号
"张盾',",中国科学院海洋研究所,山东省,海底构造与海洋地球物理,山东省青岛市南海路7号
"张芳',",中国科学院海洋研究所,山东省,海洋生态学,山东省青岛市南海路7号
"张贵芬',",潍坊市海洋与渔业局,山东省,水产养殖,山东省威海市奎文区东风东街6396号
"张国范',",中国科学院海洋研究所,山东省,海洋生物,山东省青岛市南海路7号
"张恒广',",自然资源部北海局,山东省,海洋管理,山东省青岛崂山区云岭路27号
"张洪亮',",自然资源部北海局,山东省,海洋生物,山东省青岛崂山区云岭路27号
"张继泉',",中国科学院海洋研究所,山东省,海洋生物学,山东省青岛市南海路7号
"张家祥',",潍坊市海洋与渔业局,山东省,水产养殖,山东省威海市奎文区东风东街6396号
"张杰',",自然资源部第一海洋研究所,山东省,潮汐潮流和海洋环流研究 海洋环境数值模拟,山东省青岛市崂山区仙霞岭路6号
"张莉',",山东大学,山东省,新剂型新制剂,山东省济南市山大南路27号
"张利民',",山东省海洋资源与环境研究院,山东省,水生动物营养与饲料,山东省烟台市经济开发区长江路216号
"张秋丰',",自然资源部北海局,山东省,海洋环境监测与评价,山东省青岛崂山区云岭路27号
"张全启',",中国海洋大学,山东省,水产养殖动物病害,山东省青岛市松岭路238号
"张润福',",山东省水产设计院,山东省,港口与航道,山东省济南市解放路162号
"张士璀',",中国海洋大学,山东省,免疫与进化,山东省青岛市松岭路238号
"张士华',",东营市海洋与水产研究所,山东省,水产养殖,山东省东营市河口区黄河路164号
"张苏平',",中国海洋大学,山东省,免疫与进化,山东省青岛市松岭路238号
"张涛',",山东省科学院海洋仪器仪表研究所,山东省,海洋物理,山东省青岛浙江路28号
"张亭禄',",中国海洋大学,山东省,海洋光学,山东省青岛市松岭路238号
"张维冈',",中国海洋大学,山东省,海洋地球物理,山东省青岛市松岭路238号
"张文强',",山东水产外经总公司,山东省,水产养殖,山东省济南市解放路162号
"张武昌',",中国科学院海洋研究所,山东省,海洋浮游动物生态学,山东省青岛市南海路7号
"张锡佳',",山东省海洋资源与环境研究院,山东省,水产养殖,山东省烟台市经济开发区长江路216号
"张喜验',",山东省科学院海洋仪器仪表研究所,山东省,海洋监测设备研制,山东省青岛浙江路28号
"张翔',",海军水文气象中心,山东省,水文气象,暂无
"张晓华',",中国海洋大学,山东省,海洋地球物理,山东省青岛市松岭路238号
"张晓彦',",潍坊市海洋与渔业局,山东省,水产养殖,山东省威海市奎文区东风东街6396号
"张榭令',",蓬莱市水产研究所,山东省,水产养殖,山东省蓬莱市金水街1号
"张新军',",荣成市渔业技术推广站,山东省,水产养殖,山东省荣成市观海东路140号
"张秀梅',",中国海洋大学,山东省,鱼类行为生理生态学,山东省青岛市松岭路238号
"张秀珍',",山东省海洋资源与环境研究院,山东省,水生动物营养与饲料,山东省烟台市经济开发区长江路216号
"张学成',",中国海洋大学,山东省,海洋生物遗传学,山东省青岛市松岭路238号
"张训华',",青岛海洋地质研究所,山东省,海洋地球物理,山东省青岛市福州南路62号
"张友篪',",自然资源部北海局,山东省,海洋化学,山东省青岛崂山区云岭路27号
"张玉忠',",山东大学,山东省,应用微生物学,山东省济南市山大南路27号
"张志明',",中国海洋大学,山东省,导电聚合物,山东省青岛市松岭路238号
"赵朝方',",中国海洋大学,山东省,导电聚合物,山东省青岛市松岭路238号
"赵栋梁',",中国海洋大学,山东省,导电聚合物,山东省青岛市松岭路238号
"赵广涛',",中国海洋大学,山东省,海底构造与海洋地球物理,山东省青岛市松岭路238号
"赵厚钧',",山东省渔业技术推广站,山东省,水生生物增养殖技术,山东省济南市解放路162号
"赵进平',",中国海洋大学,山东省,极地物理海洋学,山东省青岛市松岭路238号
"赵亮',",中国海洋大学,山东省,浅海动力学,山东省青岛市松岭路238号
"赵美训',",中国海洋大学,山东省,海洋有机地球化学,山东省青岛市松岭路238号
"赵铁虎',",青岛海洋地质研究所,山东省,海洋地球物理,山东省青岛市福州南路62号
"赵卫红',",中国科学院海洋研究所,山东省,海洋化学,山东省青岛市南海路7号
"赵峡',",中国海洋大学,山东省,海洋有机地球化学,山东省青岛市松岭路238号
"赵现振',",潍坊市海洋与渔业局,山东省,海洋捕捞,山东省威海市奎文区东风东街6396号
"赵新宇',",中诚国际海洋工程勘察设计有限公司,山东省,港口与航道,山东省青岛市崂山区海尔路176号
"赵永贞',",山东省水产设计院,山东省,给排水,山东省济南市解放路162号
"郑冰',",中国海洋大学,山东省,水下视觉技术,山东省青岛市松岭路238号
"郑立',",自然资源部第一海洋研究所,山东省,应用海洋微生物,山东省青岛市崂山区仙霞岭路6号
"郑荣儿',",中国海洋大学,山东省,激光光谱技术及其应用,山东省青岛市松岭路238号
"郑西来',",中国海洋大学,山东省,水文地质,山东省青岛市松岭路238号
"郑彦鹏',",自然资源部第一海洋研究所,山东省,海底构造与海洋地球物理,山东省青岛市崂山区仙霞岭路6号
"郑永允',",山东省海洋生物研究院,山东省,水产健康养殖技术,山东省青岛市崂山区游云路7号
"郑玉珍',",山东省淡水渔业研究院,山东省,水产良种引进,山东省济南市历下区解放路162号
"郑玉柱',",山东渔业船舶检验局,山东省,海洋管理,NULL
"周斌',",山东省科学院海洋仪器仪表研究所,山东省,海洋遥感遥测,山东省青岛浙江路28号
"周建峰',",中国海洋大学,山东省,发育生物学研究,山东省青岛市松岭路238号
"周兴华',",自然资源部第一海洋研究所,山东省,海洋勘测,山东省青岛市崂山区仙霞岭路6号
"周忠海',",山东省科学院海洋仪器仪表研究所,山东省,海洋资源探测,山东省青岛浙江路28号
"周忠良',",山东省海洋资源与环境研究院,山东省,渔业工程及船舶设计,山东省烟台市经济开发区长江路216号
"朱光辉',",烟台市水产研究所,山东省,港口与航道,山东省烟台市莱山区银海路26号
"朱虎',",中国石油大学（华东）,山东省,海洋生物活性物质,山东省青岛市黄岛区长江西路66号
"朱丽岩',",中国海洋大学,山东省,海洋浮游生物学,山东省青岛市松岭路238号
"朱茂旭',",中国海洋大学,山东省,海洋化学,山东省青岛市松岭路238号
"朱明远',",自然资源部第一海洋研究所,山东省,海洋生态,山东省青岛市崂山区仙霞岭路6号
"朱启忠',",山东大学,山东省,海洋生物大分子提取,山东省济南市山大南路27号
"朱伟明',",中国海洋大学,山东省,海洋化学,山东省青岛市松岭路238号
"朱校斌',",中国科学院海洋研究所,山东省,海洋化学,山东省青岛市南海路7号
"朱永安',",山东省淡水渔业研究院,山东省,水产养殖,山东省济南市历下区解放路162号
"牛狄涛',",西安建筑科技大学,陕西省,混凝土耐久性,暂无
"安学勤',",华东理工大学,上海市,海洋化学,上海市梅陇路130号
"卜建平',",自然资源部东海局,上海市,海洋化学,上海市浦东新区东塘路630号
"蔡燕红',",自然资源部东海局,上海市,海洋环境监测与评价,上海市浦东新区东塘路630号
"蔡友琼',",中国水产科学研究院东海水产研究所,上海市,渔业生态与环境保护研究,上海市杨浦区军工路300号
"曹宇峰',",自然资源部东海局,上海市,海洋环境污染监测与评价,上海市浦东新区东塘路630号
"晁敏',",中国水产科学研究院东海水产研究所,上海市,海洋渔业经济,上海市杨浦区军工路300号
"陈波',",中国极地研究中心,上海市,海洋生物学,上海浦东金桥路451号
"陈东',",自然资源部东海局,上海市,海洋环境评价,上海市浦东新区东塘路630号
"陈海芳',",自然资源部东海局,上海市,海域使用论证,上海市浦东新区东塘路630号
"陈雷',",自然资源部东海局,上海市,海洋环境污染监测与评价,上海市浦东新区东塘路630号
"陈玲',",同济大学,上海市,极地遥感,上海市四平路1239号
"陈美榕',",自然资源部东海局,上海市,海洋环境预警报,上海市浦东新区东塘路630号
"陈琪',",中国水产科学研究院东海水产研究所,上海市,科技成果产业化,上海市杨浦区军工路300号
"陈晓蕾',",中国水产科学研究院东海水产研究所,上海市,海洋渔业经济,上海市杨浦区军工路300号
"陈新军',",上海海洋大学,上海市,渔业资源与渔场学,上海市浦东新区沪城环路999号
"陈雪忠',",中国水产科学研究院东海水产研究所,上海市,海洋渔业,上海市杨浦区军工路300号
"成凤睽',",自然资源部东海局,上海市,海洋观测预报,上海市浦东新区东塘路630号
"程家骅',",中国水产科学研究院东海水产研究所,上海市,海洋渔业资源评估与管理,上海市杨浦区军工路300号
"程起群',",中国水产科学研究院东海水产研究所,上海市,水生生物种质资源与种群遗传,上海市杨浦区军工路300号
"程溶',",上海市海洋环境预报监测中心,上海市,污染监控及海洋生态监测,上海普陀区曹杨路540号
"程祥圣',",自然资源部东海局,上海市,海洋观测、监测 海洋可再生能源开发利用,上海市浦东新区东塘路630号
"崔雪森',",中国水产科学研究院东海水产研究所,上海市,遥感信息在渔场预报中的应用,上海市杨浦区军工路300号
"戴小杰',",上海海洋大学,上海市,渔业资源生物学,上海市浦东新区沪城环路999号
"堵盘军',",自然资源部东海局,上海市,海洋动力数值模拟,上海市浦东新区东塘路630号
"杜守继',",上海交通大学,上海市,地下结构及隧道工程,上海市东川路800号
"樊成奇',",中国水产科学研究院东海水产研究所,上海市,海洋天然产物及其功能评价,上海市杨浦区军工路300号
"樊伟',",中国水产科学研究院东海水产研究所,上海市,海洋遥感应用研究,上海市杨浦区军工路300号
"范海梅',",自然资源部东海局,上海市,海洋环境评价与方案优化,上海市浦东新区东塘路630号
"方',",上海交通大学,上海市,环境法学,上海市东川路800号
"房文红',",中国水产科学研究院东海水产研究所,上海市,水产养殖病害,上海市杨浦区军工路300号
"费岳军',",自然资源部东海局,上海市,海洋观测预报,上海市浦东新区东塘路630号
"冯广朋',",中国水产科学研究院东海水产研究所,上海市,水产养殖,上海市杨浦区军工路300号
"付功义',",上海交通大学,上海市,钢结构,上海市东川路800号
"傅成',",上海交通大学,上海市,海洋法律与政策,上海市东川路800号
"高露姣',",中国水产科学研究院东海水产研究所,上海市,水产动物饲料与营养学研究,上海市杨浦区军工路300号
"耿安朝',",上海海事大学,上海市,信息处理与分析,上海市浦东大道1550号
"龚茂',",自然资源部东海局,上海市,海洋观测预报,上海市浦东新区东塘路630号
"顾杰',",上海海洋大学,上海市,河流动力学,上海市浦东新区沪城环路999号
"顾君晖',",自然资源部东海局,上海市,海洋测绘,上海市浦东新区东塘路630号
"顾润润',",中国水产科学研究院东海水产研究所,上海市,水产养殖,上海市杨浦区军工路300号
"顾圣华',",上海市海洋环境预报监测中心,上海市,海洋环境观测预报,上海普陀区曹杨路540号
"顾孝连',",中国水产科学研究院东海水产研究所,上海市,海水甲壳类生殖,上海市杨浦区军工路300号
"关许为',",上海勘测设计研究院,上海市,港口航道海岸工程,上海市虹口区逸仙路388号
"郭全友',",中国水产科学研究院东海水产研究所,上海市,海水甲壳类生殖,上海市杨浦区军工路300号
"郭伟其',",自然资源部东海局,上海市,海域使用论证,上海市浦东新区东塘路630号
"郭小勇',",中国极地研究中心,上海市,海洋标准计量质量管理,上海浦东金桥路451号
"郭志刚',",复旦大学,上海市,潮汐潮流和海洋环流研究 海洋环境数值模拟,上海市杨浦区邯郸路220号
"国峰',",自然资源部东海局,上海市,海洋环境评价,上海市浦东新区东塘路630号
"韩震',",上海海洋大学,上海市,遥感技术理论及应用研究,上海市浦东新区沪城环路999号
"何剑锋',",中国极地研究中心,上海市,极地海洋观测技术、极地海洋生态环境研究,上海浦东金桥路451号 200136
"何金林',",上海市海洋环境预报监测中心,上海市,海洋生态环境保护,上海普陀区曹杨路540号
"何培民',",上海海洋大学,上海市,海洋生态环境与海洋生物技术,上海市浦东新区沪城环路999号
"何圣兵',",上海交通大学,上海市,水体富营养化控制,上海市东川路800号
"胡传廉',",上海市海洋局,上海市,海洋信息化管理,上海市江苏路389号
"胡德宝',",自然资源部东海局,上海市,海洋观测预报,上海市浦东新区东塘路630号
"胡红桥',",中国极地研究中心,上海市,大气与空间物理学,上海浦东金桥路451号
"胡欣',",上海市海洋局,上海市,海洋综合管理领域,上海市江苏路389号
"胡学军',",自然资源部东海局,上海市,海洋减灾预报,上海市浦东新区东塘路630号
"胡震',",中国船舶重工集团公司第702研究所,上海市,水产动物病害,上海市黄浦区高雄路189号
"黄洪亮',",中国水产科学研究院东海水产研究所,上海市,极地与远洋渔业资源开发利用,上海市杨浦区军工路300号
"黄硕琳',",上海海洋大学,上海市,海洋法与渔业法规,上海市浦东新区沪城环路999号
"黄晓荣',",中国水产科学研究院东海水产研究所,上海市,水生生物低温生物学,上海市杨浦区军工路300号
"黄秀清',",自然资源部东海局,上海市,海洋环境监测与评价,上海市浦东新区东塘路630号
"霍玉仁',",上海勘测设计研究院,上海市,沿海滩涂围垦,上海市虹口区逸仙路388号
"纪焕红',",自然资源部东海局,上海市,海洋环境监测与评价,上海市浦东新区东塘路630号
"贾建军',",自然资源部东海局,上海市,海洋管理,上海市浦东新区东塘路630号
"蒋建平',",上海海事大学,上海市,渔具与渔法学,上海市浦东大道1550号
"蒋科技',",中国水产科学研究院东海水产研究所,上海市,水生生物低温生物学,上海市杨浦区军工路300号
"蒋玫',",中国水产科学研究院东海水产研究所,上海市,渔业早期生态学研究,上海市杨浦区军工路300号
"蒋晓山',",自然资源部东海局,上海市,海洋预报与科技管理,上海市浦东新区东塘路630号
"焦炳华',",中国人民解放军海军军医大学,上海市,海洋生物,暂无
"金成法',",自然资源部东海局,上海市,海洋工程勘察,上海市浦东新区东塘路630号
"巨永林',",上海交通大学,上海市,气体液化分离,上海市东川路800号
"来琦芳',",中国水产科学研究院东海水产研究所,上海市,移植生物学,上海市杨浦区军工路300号
"蓝虹',",自然资源部东海局,上海市,海洋环境监测与评价,上海市浦东新区东塘路630号
"雷瑞波',",中国极地研究中心,上海市,极地海冰物理学观测技术与科学研究,上海市浦东新区金桥路451号 中国极地研究中心
"李惠玉',",中国水产科学研究院东海水产研究所,上海市,生物生态学研究,上海市杨浦区军工路300号
"李家乐',",上海海洋大学,上海市,水产养殖,上海市浦东新区沪城环路999号
"李建生',",中国水产科学研究院东海水产研究所,上海市,生物生态学研究,上海市杨浦区军工路300号
"李荣兴',",同济大学,上海市,极地遥感,上海市四平路1239号
"李圣法',",中国水产科学研究院东海水产研究所,上海市,渔业资源、海洋生态,上海市杨浦区军工路300号
"李亿红',",自然资源部东海局,上海市,海洋环境监视监测信息化,上海市浦东新区东塘路630号
"李玉中',",上海市水务（海洋）规划设计研究院,上海市,海洋规划设计,上海市徐汇区虹梅路1535号1号楼
"李院生',",中国极地研究中心,上海市,地球化学,上海浦东金桥路451号
"李志勇',",上海交通大学,上海市,海洋共生微生物,上海市东川路800号
"连琏',",上海交通大学,上海市,药物涉及与发现,上海市东川路800号
"凌建忠',",中国水产科学研究院东海水产研究所,上海市,生物生态学研究,上海市杨浦区军工路300号
"刘阿成',",自然资源部东海局,上海市,海洋工程勘察,上海市浦东新区东塘路630号
"刘材材',",自然资源部东海局,上海市,海洋环境监测与评价,上海市浦东新区东塘路630号
"刘峰',",中国水产科学研究院东海水产研究所,上海市,渔业科技开发管理,上海市杨浦区军工路300号
"刘鉴毅',",中国水产科学研究院东海水产研究所,上海市,水产品种繁育与养殖,上海市杨浦区军工路300号
"刘江虹',",上海海事大学,上海市,安全技术及工程专业,上海市浦东大道1550号
"刘刻福',",自然资源部东海局,上海市,海洋管理,上海市浦东新区东塘路630号
"刘水芹',",上海市海洋环境预报监测中心,上海市,污染监控及海洋生态监测,上海普陀区曹杨路540号
"刘顺林',",中国极地研究中心,上海市,地球化学,上海浦东金桥路451号
"刘涛',",中国船舶重工集团公司第702研究所,上海市,海洋工程与深海潜水器研究,上海市黄浦区高雄路189号
"刘兴坡',",上海海事大学,上海市,海岛与海岸带开发管理,上海市浦东大道1550号
"刘英学',",上海海事大学,上海市,海洋安全保障,上海市浦东大道1550号
"刘勇',",中国水产科学研究院东海水产研究所,上海市,渔业资源评估模型应用与研究,上海市杨浦区军工路300号
"刘志东',",中国水产科学研究院东海水产研究所,上海市,水产品加工与综合利用,上海市杨浦区军工路300号
"刘志国',",自然资源部东海局,上海市,海洋地学调查与分析,上海市浦东新区东塘路630号
"卢永金',",上海市水利工程设计研究院,上海市,海岸工程及围海造地工程设计研究,上海市普陀区华池路58弄上海新体育广场1层
"陆亚男',",中国水产科学研究院东海水产研究所,上海市,海洋天然产物及其功能评价,上海市杨浦区军工路300号
"陆忠民',",上海勘测设计研究院,上海市,海洋资源可持续利用,上海市虹口区逸仙路388号
"罗民波',",中国水产科学研究院东海水产研究所,上海市,河口生态学，,上海市杨浦区军工路300号
"罗先启',",上海交通大学,上海市,钢结构,上海市东川路800号
"马春艳',",中国水产科学研究院东海水产研究所,上海市,群体遗传多样性,上海市杨浦区军工路300号
"马海有',",中国水产科学研究院东海水产研究所,上海市,海洋节能技术,上海市杨浦区军工路300号
"马宏旺',",上海交通大学,上海市,地震经济损失估计,上海市东川路800号
"马洪雨',",中国水产科学研究院东海水产研究所,上海市,海洋生物种群遗传学,上海市杨浦区军工路300号
"马凌波',",中国水产科学研究院东海水产研究所,上海市,海洋捕捞渔具渔法,上海市杨浦区军工路300号
"么宗利',",中国水产科学研究院东海水产研究所,上海市,海洋生物种群遗传学,上海市杨浦区军工路300号
"倪文胜',",自然资源部东海局,上海市,物理海洋，海洋水文,上海市浦东新区东塘路630号
"潘增弟',",自然资源部东海局,上海市,质量管理以及标准化,上海市浦东新区东塘路630号
"彭立功',",自然资源部东海局,上海市,海域管理,上海市浦东新区东塘路630号
"彭士明',",中国水产科学研究院东海水产研究所,上海市,鱼类营养及繁殖生物学研究,上海市杨浦区军工路300号
"乔丕忠',",上海交通大学,上海市,钢结构,上海市东川路800号
"乔振国',",中国水产科学研究院东海水产研究所,上海市,海水甲壳类繁育,上海市杨浦区军工路300号
"秦明慧',",自然资源部东海局,上海市,海洋预报与科技管理,上海市浦东新区东塘路630号
"秦天宝',",上海交通大学,上海市,资源与能源法学,上海市东川路800号
"秦晓光',",自然资源部东海局,上海市,海洋环保,上海市浦东新区东塘路630号
"全为民',",中国水产科学研究院东海水产研究所,上海市,盐沼湿地对河口和滨海鱼类的支持功能评估,上海市杨浦区军工路300号
"任平',",上海交大海洋水下工程科学研究院,上海市,辐射监测,上海市龙吴路1500号
"任松',",自然资源部东海局,上海市,海洋环境监测与评价,上海市浦东新区东塘路630号
"沈盎绿',",中国水产科学研究院东海水产研究所,上海市,渔业资源生物分类学,上海市杨浦区军工路300号
"沈明球',",自然资源部东海局,上海市,海洋地学调查与分析,上海市浦东新区东塘路630号
"沈水龙',",上海交通大学,上海市,地下结构与软土地基相互作用分析,上海市东川路800号
"沈晓盛',",中国水产科学研究院东海水产研究所,上海市,水产品质量与安全控制研究,上海市杨浦区军工路300号
"沈新强',",中国水产科学研究院东海水产研究所,上海市,海洋渔业生态环境监测与保护,上海市杨浦区军工路300号
"施兆鸿',",中国水产科学研究院东海水产研究所,上海市,海洋水产生态养殖与海水鱼类繁育生物学,上海市杨浦区军工路300号
"石建高',",中国水产科学研究院东海水产研究所,上海市,捕捞与渔业工程研究,上海市杨浦区军工路300号
"石少华',",自然资源部东海局,上海市,海洋地学调查与分析,上海市浦东新区东塘路630号
"司马灿',",中国船舶重工集团公司第702研究所,上海市,深海装备技术,上海市黄浦区高雄路189号
"宋利明',",上海海洋大学,上海市,捕捞学远洋渔业系统集成,上海市浦东新区沪城环路999号
"苏诚',",自然资源部东海局,上海市,海洋工程勘察,上海市浦东新区东塘路630号
"隋洪波',",自然资源部东海局,上海市,海洋观测、监测 海洋可再生能源开发利用,上海市浦东新区东塘路630号
"孙波',",中国极地研究中心,上海市,自然地理,上海浦东金桥路451号
"孙玉琴',",上海海事大学,上海市,海洋综合管理领域,上海市浦东大道1550号
"汤振明',",中国水产科学研究院东海水产研究所,上海市,海洋捕捞渔具渔法,上海市杨浦区军工路300号
"唐保军',",中国水产科学研究院东海水产研究所,上海市,水产品质量与安全控制研究,上海市杨浦区军工路300号
"田超',",中国船舶重工集团公司第702研究所,上海市,水弹性力学研究,上海市黄浦区高雄路189号
"田华',",上海市海洋环境预报监测中心,上海市,海洋环境观测预报,上海普陀区曹杨路540号
"万德成',",上海交通大学,上海市,浮式结构物动力学,上海市东川路800号
"王百顺',",自然资源部东海局,上海市,海洋工程勘察,上海市浦东新区东塘路630号
"王长海',",自然资源部东海局,上海市,海洋工程勘察,上海市浦东新区东塘路630号
"王翠华',",中国水产科学研究院东海水产研究所,上海市,海洋生态环境及污染物生态环境评价,上海市杨浦区军工路300号
"王德忠',",上海交通大学,上海市,核能科学与工程,上海市东川路800号
"王风平',",上海交通大学,上海市,微生物海洋学,上海市东川路800号
"王慧',",中国水产科学研究院东海水产研究所,上海市,盐碱地水产养殖及盐碱水质高效利用,上海市杨浦区军工路300号
"王建华',",上海交通大学,上海市,桩土共同作用及桩基础设计理论研究,上海市东川路800号
"王金辉',",自然资源部东海局,上海市,海洋生物,上海市浦东新区东塘路630号
"王鲁民',",中国水产科学研究院东海水产研究所,上海市,海洋渔业,上海市杨浦区军工路300号
"王渠东',",上海交通大学,上海市,材料加工,上海市东川路800号
"王彤',",上海交通大学,上海市,流体机械及工程,上海市东川路800号
"王西蒙',",自然资源部东海局,上海市,海洋工程勘察,上海市浦东新区东塘路630号
"王曦',",上海交通大学,上海市,中国环境法,上海市东川路800号
"王晓峰',",上海海事大学,上海市,数字海洋,上海市浦东大道1550号
"王云龙',",中国水产科学研究院东海水产研究所,上海市,渔业生态与环境保护研究,上海市杨浦区军工路300号
"魏冬青',",上海交通大学,上海市,生物信息学,上海市东川路800号
"魏泉苗',",自然资源部东海局,上海市,海洋管理,上海市浦东新区东塘路630号
"翁光明',",自然资源部东海局,上海市,重点实验室管理及基金项目管理,上海市浦东新区东塘路630号
"邬惠明',",自然资源部东海局,上海市,海洋观测、监测 海洋可再生能源开发利用,上海市浦东新区东塘路630号
"邬益川',",自然资源部东海局,上海市,计量监督与管理质量控制,上海市浦东新区东塘路630号
"吴方',",上海交通大学,上海市,药物涉及与发现,上海市东川路800号
"吴巍',",自然资源部东海局,上海市,计量监督与管理质量控制,上海市浦东新区东塘路630号
"仵彦卿',",上海交通大学,上海市,微生物海洋学,上海市东川路800号
"伍玉梅',",中国水产科学研究院东海水产研究所,上海市,海洋环境参数遥感反演,上海市杨浦区军工路300号
"夏连军',",中国水产科学研究院东海水产研究所,上海市,水产增养殖,上海市杨浦区军工路300号
"向清华',",中国水产科学研究院东海水产研究所,上海市,海洋渔业经济,上海市杨浦区军工路300号
"项有堂',",自然资源部东海局,上海市,海洋化学,上海市浦东新区东塘路630号
"肖龙飞',",上海交通大学,上海市,水动力性能与系泊定位系统研究,上海市东川路800号
"肖群',",上海市海洋环境预报监测中心,上海市,海洋生态环境保护,上海普陀区曹杨路540号
"肖湘',",上海交通大学,上海市,海洋微海洋学,上海市东川路800号
"谢文辉',",自然资源部东海局,上海市,海洋测绘,上海市浦东新区东塘路630号
"谢营',",中国水产科学研究院东海水产研究所,上海市,渔业统计与渔业管理,上海市杨浦区军工路300号
"熊振华',",上海交通大学,上海市,机械电子,上海市东川路800号
"徐贵泉',",上海市水务（海洋）规划设计研究院,上海市,海洋规划设计,上海市徐汇区虹梅路1535号1号楼
"徐俊',",上海交通大学,上海市,微生物海洋学,上海市东川路800号
"徐烈',",上海交通大学,上海市,制冷与低温工程,上海市东川路800号
"徐凌宇',",上海大学,上海市,潮汐潮流和海洋环流研究 海洋环境数值模拟,上海市宝山区上大路99号
"徐韧',",自然资源部东海局,上海市,海洋生物,上海市浦东新区东塘路630号
"徐小弟',",自然资源部东海局,上海市,海洋水文气象,上海市浦东新区东塘路630号
"徐兆礼',",中国水产科学研究院东海水产研究所,上海市,海洋浮游动物鉴定,上海市杨浦区军工路300号
"许柳雄',",上海海洋大学,上海市,渔具与渔法学,上海市浦东新区沪城环路999号
"许啸春',",自然资源部东海局,上海市,海洋工程技术,上海市浦东新区东塘路630号
"许钟',",中国水产科学研究院东海水产研究所,上海市,海洋生物资源加工与综合利用,上海市杨浦区军工路300号
"薛俊增',",上海海洋大学,上海市,河口生态学,上海市浦东新区沪城环路999号
"严利平',",中国水产科学研究院东海水产研究所,上海市,海洋渔业资源评估与管理,上海市杨浦区军工路300号
"杨波',",上海交通大学,上海市,动力工程,上海市东川路800号
"杨德庆',",上海交通大学,上海市,海洋工程结构动力学,上海市东川路800号
"杨和振',",上海交通大学,上海市,深海管线关键技术研究,上海市东川路800号
"杨红',",上海海洋大学,上海市,环境海洋学,上海市浦东新区沪城环路999号
"杨惠根',",中国极地研究中心,上海市,自然地理,上海浦东金桥路451号
"杨桥',",中国水产科学研究院东海水产研究所,上海市,海洋微生物及其天然产物研究,上海市杨浦区军工路300号
"杨宪时',",中国水产科学研究院东海水产研究所,上海市,海洋生物资源加工与综合利用,上海市杨浦区军工路300号
"杨颖',",自然资源部东海局,上海市,海洋化学,上海市浦东新区东塘路630号
"叶慧明',",自然资源部东海局,上海市,海洋环境监测与评价,上海市浦东新区东塘路630号
"叶娜',",自然资源部东海局,上海市,海洋地理信息系统,上海市浦东新区东塘路630号
"叶维钧',",中国水产科学研究院东海水产研究所,上海市,科技管理和技术服务与推广,上海市杨浦区军工路300号
"叶属峰',",自然资源部东海局,上海市,海洋生物,上海市浦东新区东塘路630号
"尹大强',",同济大学,上海市,极地遥感,上海市四平路1239号
"尹飞',",中国水产科学研究院东海水产研究所,上海市,海马、乌贼和鲳鱼增养殖,上海市杨浦区军工路300号
"尹艳娥',",中国水产科学研究院东海水产研究所,上海市,海洋渔业经济,上海市杨浦区军工路300号
"印春生',",上海海洋大学,上海市,环境分析化学,上海市浦东新区沪城环路999号
"于立军',",上海交通大学,上海市,热能工程,上海市东川路800号
"俞相成',",上海市水利工程设计研究院,上海市,海岸工程设计,上海市普陀区华池路58弄上海新体育广场1层
"袁丁',",自然资源部东海局,上海市,海域管理,上海市浦东新区东塘路630号
"袁骐',",中国水产科学研究院东海水产研究所,上海市,海洋生物,上海市杨浦区军工路300号
"袁绍宏',",中国极地研究中心,上海市,船舶运行与管理,上海浦东金桥路451号
"袁涛',",上海交通大学,上海市,微生物海洋学,上海市东川路800号
"曾卫明',",上海海事大学,上海市,信息处理与分析,上海市浦东大道1550号
"曾胤新',",中国极地研究中心,上海市,微生物资源及分类鉴定，微生物分子生态学，酶学，环境微生物学,上海市浦东新区金桥路451号A502室
"张北辰',",中国极地研究中心,上海市,船舶运行与管理,上海浦东金桥路451号
"张凤英',",中国水产科学研究院东海水产研究所,上海市,海洋生物种质资源鉴定,上海市杨浦区军工路300号
"张寒野',",中国水产科学研究院东海水产研究所,上海市,渔业信息技术,上海市杨浦区军工路300号
"张辉',",上海交通大学,上海市,污染物行为化学,上海市东川路800号
"张丽旭',",自然资源部东海局,上海市,海洋环保,上海市浦东新区东塘路630号
"张敏',",上海海洋大学,上海市,渔具与渔法学,上海市浦东新区沪城环路999号
"张鹏',",上海交通大学,上海市,制冷与低温工程,上海市东川路800号
"张维冰',",华东理工大学,上海市,海洋化学,上海市梅陇路130号
"张维竞',",上海交通大学,上海市,船舶与海洋工程,上海市东川路800号
"张晓玲',",中国水产科学研究院东海水产研究所,上海市,海洋环境及水产品质量安全,上海市杨浦区军工路300号
"张勋',",中国水产科学研究院东海水产研究所,上海市,高性能渔具研制开发,上海市杨浦区军工路300号
"张勇',",自然资源部东海局,上海市,海洋化学,上海市浦东新区东塘路630号
"张勇勇',",上海勘测设计研究院,上海市,沿海滩涂围垦,上海市虹口区逸仙路388号
"张元兴',",华东理工大学,上海市,生物化学,上海市梅陇路130号
"张钊',",自然资源部东海局,上海市,海洋监测与海洋测绘,上海市浦东新区东塘路630号
"张正龙',",自然资源部东海局,上海市,海洋遥感应用,上海市浦东新区东塘路630号
"章龙珍',",中国水产科学研究院东海水产研究所,上海市,水生生物学,上海市杨浦区军工路300号
"章守宇',",上海海洋大学,上海市,人工鱼礁,上海市浦东新区沪城环路999号
"赵峰',",中国水产科学研究院东海水产研究所,上海市,鱼类生态生理及繁育,上海市杨浦区军工路300号
"赵绘宇',",上海交通大学,上海市,环境法学,上海市东川路800号
"赵劲松',",上海交通大学,上海市,海事法律；船舶碰撞,上海市东川路800号
"赵秀玲',",自然资源部东海局,上海市,计量监督与管理质量控制,上海市浦东新区东塘路630号
"郑汉丰',",中国水产科学研究院东海水产研究所,上海市,贝类种质资源与遗传育种研究,上海市杨浦区军工路300号
"郑锡建',",自然资源部东海局,上海市,海洋工程勘察,上海市浦东新区东塘路630号
"周岱',",上海交通大学,上海市,水动力性能与系泊定位系统研究,上海市东川路800号
"周宏岩',",中国极地研究中心,上海市,观测天文学,上海浦东金桥路451号
"周进',",中国水产科学研究院东海水产研究所,上海市,海洋底栖生态学,上海市杨浦区军工路300号
"周俊芳',",中国水产科学研究院东海水产研究所,上海市,疾病控制与分子病理学研究,上海市杨浦区军工路300号
"周凯',",中国水产科学研究院东海水产研究所,上海市,虾、贝类养殖技术研究,上海市杨浦区军工路300号
"周d芳',",中国水产科学研究院东海水产研究所,上海市,海洋渔业遥感,上海市杨浦区军工路300号
"周为峰',",中国水产科学研究院东海水产研究所,上海市,渔情海况遥感信息获取,上海市杨浦区军工路300号
"周应祺',",上海海洋大学,上海市,渔具力学,上海市浦东新区沪城环路999号
"朱大奇',",上海海事大学,上海市,信息处理与分析,上海市浦东大道1550号
"朱清澄',",上海海洋大学,上海市,渔具与渔法学,上海市浦东新区沪城环路999号
"庄惠生',",上海交通大学,上海市,微生物海洋学,上海市东川路800号
"庄平',",中国水产科学研究院东海水产研究所,上海市,海洋生物学,上海市杨浦区军工路300号
"邹早建',",上海交通大学,上海市,船舶与海洋工程水动力学教学与科研,上海市东川路800号
"姓名',",机构,省市,研究方向,地址
"谢世楞',",中交第一航务工程勘察设计院,天津市,海洋工程,暂无
"姚建铨',",天津大学,天津市,激光与光电子,天津市南开区卫津路92号
"艾庆辉',",天津理工大学,天津市,水生动物营养与饲料,天津市西青区宾水西道391号
"安晓华',",国家海洋信息中心,天津市,海洋信息网站建设,天津市河东区六纬路93号
"白蕾',",国家海洋信息中心,天津市,国际海洋法；钓鱼岛、南海法理问题研究,天津市河东区六纬路93号
"包木太',",天津理工大学,天津市,水生动物营养与饲料,天津市西青区宾水西道391号
"鲍献文',",天津理工大学,天津市,海洋调查及数值模拟,天津市西青区宾水西道391号
"蔡大浩',",国家海洋信息中心,天津市,海洋经济分析研究、国际海洋经济比较研究,天津市河东区六纬路93号
"曹立华',",天津理工大学,天津市,海洋灾害地质,天津市西青区宾水西道391号
"曹立新',",天津理工大学,天津市,能源材料,天津市西青区宾水西道391号
"曹英志',",国家海洋信息中心,天津市,海域管理政策与技术研究,天津市河东区六纬路93号
"曹志敏',",天津理工大学,天津市,资源与环境地球化学,天津市西青区宾水西道391号
"岑世奎',",国家海洋标准计量中心,天津市,海洋标准计量质量管理,天津市芥园西道219号
"柴新敏',",国家海洋信息中心,天津市,计算机科学与技术,天津市河东区六纬路93号
"常宗瑜',",天津理工大学,天津市,海洋装备动力学与控制,天津市西青区宾水西道391号
"陈斐',",国家海洋信息中心,天津市,海洋生物生态,天津市河东区六纬路93号
"陈戈',",天津理工大学,天津市,大气遥感,天津市西青区宾水西道391号
"陈继香',",国家海洋信息中心,天津市,海洋信息技术,天津市河东区六纬路93号
"陈军',",南开大学,天津市,无机合成与制备化学,天津市南开区卫津路94号
"陈满春',",国家海洋信息中心,天津市,物理海洋，海洋水文,天津市河东区六纬路93号
"陈韶阳',",国家海洋信息中心,天津市,海洋权益、海洋战略、国际海洋事务,天津市河东区六纬路93号
"陈守刚',",天津理工大学,天津市,海洋特种材料,天津市西青区宾水西道391号
"陈西广',",天津理工大学,天津市,生物化学,天津市西青区宾水西道391号
"陈学恩',",天津理工大学,天津市,海洋仪器装备海上试验平台技术研究,天津市西青区宾水西道391号
"陈颖',",自然资源部天津海水淡化与综合利用研究所,天津市,膜技术,天津市南开区航海道55号
"程永寿',",国家海洋信息中心,天津市,海洋地质、地球物理、计算机制图、数据库建设、信息系统及海洋可视化等,天津市河东区六纬路93号
"池振明',",天津理工大学,天津市,海洋微生物学及其应用,天津市西青区宾水西道391号
"崔晓健',",国家海洋信息中心,天津市,科研业务管理,天津市河东区六纬路93号
"东韩',",国家海洋信息中心,天津市,信息化管理、海岛相关系统设计开发与集成,天津市河东区六纬路93号
"董军兴',",国家海洋信息中心,天津市,海洋信息系统开发、海洋灾害影响评估,天津市河东区六纬路93号
"董军宇',",天津理工大学,天津市,纹理分析与感知,天津市西青区宾水西道391号
"董瑞',",国家海洋信息中心,天津市,信息管理,天津市河东区六纬路93号
"董胜',",天津理工大学,天津市,海洋工程环境条件及其与结构的相互作用,天津市西青区宾水西道391号
"董树刚',",天津理工大学,天津市,海藻生理生态,天津市西青区宾水西道391号
"董文静',",国家海洋信息中心,天津市,数字图书馆建设,天津市河东区六纬路93号
"段晓峰',",国家海洋信息中心,天津市,海洋经济规划与政策研究,天津市河东区六纬路93号
"段志强',",天津市科委社会发展科技处,天津市,环境工程,天津市和平区成都道116号
"樊妙',",国家海洋信息中心,天津市,海洋GIS、海底地形,天津市河东区六纬路93号
"樊之夏',",海洋石油工程股份有限公司,天津市,海洋化工,天津市滨海新区丹江路1078号
"范文静',",国家海洋信息中心,天津市,"海平面与气候变化研究,海洋站信息产品研发",天津市河东区六纬路93号
"范晓婷',",国家海洋信息中心,天津市,海洋权益、划界、立法和战略政策研究,天津市河东区六纬路93号
"范振华',",国家海洋信息中心,天津市,海洋信息产品研发,天津市河东区六纬路93号
"冯厚军',",自然资源部天津海水淡化与综合利用研究所,天津市,海水淡化,天津市南开区航海道55号
"冯林强',",国家海洋技术中心,天津市,水文气象观测技术,天津市南开区咸阳路60号
"付红丽',",国家海洋信息中心,天津市,海洋再分析与预报、数值模式、海气相互作用动力机制研究、极地气候变化与海洋过程研究。,天津市河东区六纬路93号
"付瑞全',",国家海洋信息中心,天津市,从事海洋经济和海洋环境保护领域的信息化工作,天津市河东区六纬路93号
"付世杰',",国家海洋信息中心,天津市,海洋灾害影响评估,天津市河东区六纬路93号
"傅学起',",南开大学,天津市,海洋化学,天津市南开区卫津路94号
"高良富',",自然资源部天津海水淡化与综合利用研究所,天津市,海水直接利用,天津市南开区航海道55号
"高占科',",国家海洋标准计量中心,天津市,海洋标准计量,天津市芥园西道219号
"高志刚',",国家海洋信息中心,天津市,物理海洋,天津市河东区六纬路93号
"桂静',",国家海洋信息中心,天津市,海洋法、海洋政策,天津市河东区六纬路93号
"郭越',",国家海洋信息中心,天津市,海洋统计核算、海洋产业研究,天津市河东区六纬路93号
"韩春花',",国家海洋信息中心,天津市,海洋信息资源管理，大洋资料管理,天津市河东区六纬路93号
"韩桂军',",国家海洋信息中心,天津市,物理海洋，海洋水文,天津市河东区六纬路93号
"韩伟',",国家海洋信息中心,天津市,政务信息化建设和管理方面，如网络建设、网络安全、网站管理、视频会议系统管理和应用等,天津市河东区六纬路93号
"何广顺',",国家海洋信息中心,天津市,海洋信息化、海洋经济、海洋战略规划与法律,天津市河东区六纬路93号
"何国任',",天津电气科学研究院有限公司,天津市,水电设备,暂无
"何宁',",海洋石油工程股份有限公司,天津市,船舶工程,天津市滨海新区丹江路1078号
"侯纯扬',",国家海洋技术中心,天津市,海洋观测、监测 海洋可再生能源开发利用,天津市南开区芥园西道219号增1号
"胡恩和',",国家海洋信息中心,天津市,海域管理,天津市河东区六纬路93号
"胡晓明',",海洋石油工程股份有限公司,天津市,机械制造工艺及设备,天津市滨海新区丹江路1078号
"华彦宁',",国家海洋信息中心,天津市,海洋信息技术,天津市河东区六纬路93号
"黄南艳',",国家海洋信息中心,天津市,海洋情报、政策与战略,天津市河东区六纬路93号
"黄西平',",自然资源部天津海水淡化与综合利用研究所,天津市,海水化学资源利用,天津市南开区航海道55号
"黄鑫',",自然资源部天津海水淡化与综合利用研究所,天津市,海洋防腐,天津市南开区航海道55号
"纪大伟',",国家海洋信息中心,天津市,海域管理、海洋生态环保政策、海域整治修复技术研究、海域使用论证,天津市河东区六纬路93号
"纪风颖',",国家海洋信息中心,天津市,海洋水文数据处理与分析,天津市河东区六纬路93号
"贾泓',",国家海洋信息中心,天津市,海洋管理；海洋政策研究；海洋功能区划；海洋规划；海洋经济；生态保护；海洋相关标准制定；海域使用论证；海洋环评；海洋环境,天津市河东区六纬路93号
"姜丽',",国家海洋信息中心,天津市,海洋政策,天津市河东区六纬路93号
"姜伟男',",国家海洋信息中心,天津市,海洋地图编制,天津市河东区六纬路93号
"姜晓轶',",国家海洋信息中心,天津市,物理海洋、海洋信息技术、海洋综合管理,天津市河东区六纬路93号
"蒋冰',",国家海洋信息中心,天津市,海洋信息化,天津市河东区六纬路93号
"焦红波',",国家海洋信息中心,天津市,海洋遥感,天津市河东区六纬路93号
"金继业',",国家海洋信息中心,天津市,海洋地理信息系统应用开发、海洋制图,天津市河东区六纬路93号
"康林冲',",国家海洋信息中心,天津市,智慧海洋、海洋环境可视化与海洋信息系统研发,天津市河东区六纬路93号
"康寿岭',",国家海洋标准计量中心,天津市,海洋标准计量质量管理,天津市芥园西道219号
"李长如',",国家海洋信息中心,天津市,海洋经济统计调查,天津市河东区六纬路93号
"李春成',",天津市科学学研究所,天津市,物理海洋，海洋水文,天津市河东区新开路138号
"李冬',",国家海洋信息中心,天津市,物理海洋,天津市河东区六纬路93号
"李洪',",中盐制盐工程技术研究院,天津市,海洋化工,天津市塘沽区营口道831号
"李建新',",天津工业大学,天津市,材料学,天津市西青区宾水西道399号
"李晋',",国家海洋信息中心,天津市,海洋信息化、海域管理,天津市河东区六纬路93号
"李林奇',",国家海洋技术中心,天津市,海洋观测技术,天津市南开区芥园西道219号
"李巧稚',",国家海洋信息中心,天津市,海洋管理研究、区域经济研究；海洋统计；,天津市河东区六纬路93号
"李饶乐',",国家海洋信息中心,天津市,暂无,天津市河东区六纬路93号
"李树生',",中盐制盐工程技术研究院,天津市,海洋化工,天津市塘沽区营口道831号
"李双建',",国家海洋信息中心,天津市,海洋战略规划与政策,天津市河东区六纬路93号
"李四海',",国家海洋信息中心,天津市,海洋环境资料处理方法研究、业务化数据处理流程建设、数据质量控制方法研究、产品开发制作、相关标准与规范的制修定等,天津市河东区六纬路93号
"李铜基',",国家海洋技术中心,天津市,海洋遥感,天津市南开区芥园西道219号
"李威',",国家海洋信息中心,天津市,海洋数据同化,天津市河东区六纬路93号
"李伟',",天津港（集团）公司,天津市,港航工程,天津市滨海新区津港路99号
"李响',",国家海洋信息中心,天津市,气候变化与海平面上升、海洋灾害评估、海洋防灾减灾,天津市河东区六纬路93号
"李雪',",国家海洋信息中心,天津市,海洋环境学、水域生态学；编辑学、期刊评价,天津市河东区六纬路93号
"李亚红',",自然资源部天津海水淡化与综合利用研究所,天津市,海水水质净化,天津市南开区航海道55号
"李亚宁',",国家海洋信息中心,天津市,海域资源开发利用、海洋空间规划、海洋政策研究,天津市河东区六纬路93号
"李琰',",国家海洋信息中心,天津市,区域海洋气候变化,天津市河东区六纬路93号
"李宜良',",国家海洋信息中心,天津市,海洋政策、法律；海洋经济,天津市河东区六纬路93号
"李颖',",国家海洋信息中心,天津市,潮汐表发行,天津市河东区六纬路93号
"李占斌',",国家海洋信息中心,天津市,海洋信息化,天津市河东区六纬路93号
"李志刚',",海洋石油工程股份有限公司,天津市,船舶工程,天津市滨海新区丹江路1078号
"梁建峰',",国家海洋信息中心,天津市,信息系统,天津市河东区六纬路93号
"梁捷',",国家海洋技术中心,天津市,海洋观测、监测 海洋可再生能源开发利用,天津市南开区芥园西道219号增1号
"廖红琴',",海洋石油工程股份有限公司,天津市,海油工程结构,天津市滨海新区丹江路1078号
"林宁',",国家海洋信息中心,天津市,海洋空间规划、海岛海岸带资源环境,天津市河东区六纬路93号
"林绍花',",国家海洋信息中心,天津市,物理海洋，海洋水文,天津市河东区六纬路93号
"林香红',",国家海洋信息中心,天津市,国际海洋经济,天津市河东区六纬路93号
"刘百桥',",天津师范大学,天津市,港口航道与海岸工程,天津市西青区宾水西道393号
"刘彬',",国家海洋信息中心,天津市,暂无,天津市河东区六纬路93号
"刘丰',",国家海洋信息中心,天津市,网络通信,天津市河东区六纬路93号
"刘佳',",国家海洋信息中心,天津市,海洋战略、情报、政策规划,天津市河东区六纬路93号
"刘金',",国家海洋信息中心,天津市,海洋GIS、信息系统集成,天津市河东区六纬路93号
"刘菊娥',",海洋石油工程股份有限公司,天津市,海洋工程与机械,天津市滨海新区丹江路1078号
"刘克修',",国家海洋信息中心,天津市,物理海洋，海洋水文,天津市河东区六纬路93号
"刘培林',",海洋石油工程股份有限公司,天津市,海油工程结构,天津市滨海新区丹江路1078号
"刘旗开',",天津市海洋局,天津市,海洋管理,天津市滨海新区海旭道渤海监测监视基地1号楼
"刘首华',",国家海洋信息中心,天津市,海浪，气候及海平面变化，数据质控,天津市河东区六纬路93号
"刘淑静',",自然资源部天津海水淡化与综合利用研究所,天津市,海水利用发展战略,天津市南开区航海道55号
"刘巍',",国家海洋信息中心,天津市,海洋档案管理与信息开发研究,天津市河东区六纬路93号
"刘小强',",国家海洋信息中心,天津市,暂无,天津市河东区六纬路93号
"刘鑫',",国家海洋信息中心,天津市,工程管理、 建筑施工、建筑装饰,天津市河东区六纬路93号
"刘玉龙',",国家海洋信息中心,天津市,海洋水文气象数据处理、质控、产品制作和系统研发，以及海洋气候变化研究。,天津市河东区六纬路93号
"刘振民',",国家海洋信息中心,天津市,海洋环境资料处理方法研究、业务化数据处理流程建设、数据质量控制方法研究、产品开发制作、相关标准与规范的制修定等,天津市河东区六纬路93号
"刘志芬',",国家海洋信息中心,天津市,海洋档案管理,天津市河东区六纬路93号
"刘志杰',",国家海洋信息中心,天津市,海洋地质，海洋数据管理领域,天津市河东区六纬路93号
"卢明生',",国家海洋信息中心,天津市,海洋信息,天津市河东区六纬路93号
"路文海',",国家海洋信息中心,天津市,海洋经济 生态环境,天津市河东区六纬路93号
"吕经烈',",自然资源部天津海水淡化与综合利用研究所,天津市,膜技术,天津市南开区航海道55号
"吕庆春',",自然资源部天津海水淡化与综合利用研究所,天津市,海水淡化,天津市南开区航海道55号
"罗婷婷',",国家海洋信息中心,天津市,海洋法、海洋政策,天津市河东区六纬路93号
"罗续业',",国家海洋技术中心,天津市,海洋观测、监测 海洋可再生能源开发利用,暂无
"骆敬新',",国家海洋信息中心,天津市,海洋气象资料处理与产品研发、海洋气象环境状况分析。,天津市河东区六纬路93号
"马保家',",天津蓝海工程检测技术服务有限公司,天津市,检验检测,天津开发区第二大街3号A420号
"马兰',",国家海洋信息中心,天津市,暂无,天津市河东区六纬路93号
"马志华',",国家海洋信息中心,天津市,海域使用论证,天津市河东区六纬路93号
"门雅彬',",国家海洋技术中心,天津市,海洋环境自动监测技术,天津市南开区芥园西道219号
"牟林',",国家海洋信息中心,天津市,物理海洋，海洋水文,天津市河东区六纬路93号
"潘东民',",海洋石油工程股份有限公司,天津市,海洋工程与机械,天津市滨海新区丹江路1078号
"潘献辉',",自然资源部天津海水淡化与综合利用研究所,天津市,海水利用检测,天津市南开区航海道55号
"庞静茹',",国家海洋信息中心,天津市,暂无,天津市河东区六纬路93号
"庞永超',",国家海洋标准计量中心,天津市,海洋标准计量质量管理,天津市芥园西道219号
"祁冬梅',",国家海洋信息中心,天津市,海洋国际合作与交流、海洋政策、海洋战略,天津市河东区六纬路93号
"秦莉',",国家海洋信息中心,天津市,海洋管理,天津市河东区六纬路93号
"秦嗣仁',",国家海洋标准计量中心,天津市,海洋标准计量质量管理,天津市芥园西道219号
"曲辉',",国家海洋信息中心,天津市,海洋遥感应用,天津市河东区六纬路93号
"任杰',",天津长芦汉沽盐场有限责任公司,天津市,海洋化工,天津市滨海新区汉沽国家庄街28号
"任兴元',",国家海洋信息中心,天津市,信息技术、云计算、信息存储、信息安全,天津市河东区六纬路93号
"阮国岭',",自然资源部天津海水淡化与综合利用研究所,天津市,海水淡化,天津市南开区航海道55号
"尚晓芬',",国家海洋信息中心,天津市,预报减灾,天津市河东区六纬路93号
"石莉',",国家海洋信息中心,天津市,国外海洋情报研究,天津市河东区六纬路93号
"石绥祥',",国家海洋信息中心,天津市,海洋信息技术、海洋信息资源管理,天津市河东区六纬路93号
"司建文',",国家海洋标准计量中心,天津市,海洋标准计量质量管理,天津市芥园西道219号
"宋维玲',",国家海洋信息中心,天津市,海洋经济，海洋统计，数量经济,天津市河东区六纬路93号
"隋军',",国家海洋标准计量中心,天津市,海洋标准计量质量管理,天津市芥园西道219号
"孙国民',",海洋石油工程股份有限公司,天津市,海油工程结构,天津市滨海新区丹江路1078号
"孙金生',",天津师范大学,天津市,海洋生物学,天津市西青区宾水西道393号
"孙连英',",国家海洋信息中心,天津市,图书情报,天津市河东区六纬路93号
"孙瑞杰',",国家海洋信息中心,天津市,海洋战略、海洋规划、海洋政策,天津市河东区六纬路93号
"孙涛',",国家海洋信息中心,天津市,海洋档案管理,天津市河东区六纬路93号
"孙晓燕',",国家海洋信息中心,天津市,科研档案管理,天津市河东区六纬路93号
"孙章权',",海洋石油工程股份有限公司,天津市,机械工程,天津市滨海新区丹江路1078号
"谭树东',",国家海洋信息中心,天津市,海域划界、海域地缘政治研究,天津市河东区六纬路93号
"唐军武',",国家海洋技术中心,天津市,海洋观测、监测 海洋可再生能源开发利用,天津市南开区芥园西道219号增1号
"陶建华',",天津大学,天津市,海洋科学及近岸生态环境,天津市南开区卫津路92号
"田洪军',",国家海洋信息中心,天津市,测绘遥感与地理信息系统在海域管理中的应用研究,天津市河东区六纬路93号
"万芳芳',",国家海洋信息中心,天津市,海洋数据交换，国际合作交流,天津市河东区六纬路93号
"汪小勇',",国家海洋技术中心,天津市,海洋调查技术,天津市南开区芥园西道219号
"王国强',",自然资源部天津海水淡化与综合利用研究所,天津市,海水化学资源利用,天津市南开区航海道55号
"王海波',",国家海洋信息中心,天津市,暂无,天津市河东区六纬路93号
"王宏',",中国地质调查局,天津市,第四纪地质学,天津市河东区大直沽八号路4号
"王慧',",国家海洋信息中心,天津市,潮汐海平面与气候变化研究及海岸带影响评估,天津市河东区六纬路93号
"王江涛',",国家海洋信息中心,天津市,海洋空间规划,天津市河东区六纬路93号
"王静',",自然资源部天津海水淡化与综合利用研究所,天津市,海水水质净化,天津市南开区航海道55号
"王娟',",国家海洋信息中心,天津市,海洋资料处理，数据库开发与建设，图书编目与管理,天津市河东区六纬路93号
"王平',",国家海洋信息中心,天津市,海洋制图,天津市河东区六纬路93号
"王琦',",国家海洋信息中心,天津市,涉海情报跟踪与海洋战略、政策和权益研究。,天津市河东区六纬路93号
"王倩',",国家海洋信息中心,天津市,海域管理、海洋资源价值评估、海洋空间规划技术研究,天津市河东区六纬路93号
"王秋璐',",国家海洋信息中心,天津市,海洋生态环境化学,天津市河东区六纬路93号
"王世福',",国家海洋信息中心,天津市,档案管理,天津市河东区六纬路93号
"王喜亭',",国家海洋信息中心,天津市,网络建设、网络安全、网站管理和应用等,天津市河东区六纬路93号
"王项南',",国家海洋技术中心,天津市,海洋观测、监测 海洋可再生能源开发利用,天津市南开区芥园西道219号
"王晓惠',",国家海洋信息中心,天津市,未知,天津市河东区六纬路93号
"王占坤',",国家海洋信息中心,天津市,海洋文献,天津市河东区六纬路93号
"王智敏',",国家海洋信息中心,天津市,暂无,天津市河东区六纬路93号
"韦广昊',",国家海洋信息中心,天津市,海洋环境观测、海洋声光等资料的接收处理、质量分析、应用服务与管理技术研究，以及应用系统开发等能力支撑建设工作，开展了云计算、大数据等新型信息技术研究和重大信息化规划方案论证,天津市河东区六纬路93号
"魏皓',",天津科技大学,天津市,物理海洋，海洋水文,天津市河西区大沽南路1038号
"魏红宇',",国家海洋信息中心,天津市,数字图书馆,天津市河东区六纬路93号
"魏婷',",国家海洋信息中心,天津市,海洋政策规划,天津市河东区六纬路93号
"吴爱娜',",国家海洋标准计量中心,天津市,海洋标准计量质量管理,暂无
"吴琳',",中国地质调查局,天津市,海底构造与海洋地球物理,天津市河东区大直沽八号路4号
"吴新荣',",国家海洋信息中心,天津市,数据同化方法研究及应用、海洋环境保障业务系统研发,天津市河东区六纬路93号
"吴芸芳',",自然资源部天津海水淡化与综合利用研究所,天津市,海水直接利用,天津市南开区航海道55号
"武杰',",自然资源部天津海水淡化与综合利用研究所,天津市,海水利用管理,天津市南开区航海道55号
"夏登文',",国家海洋技术中心,天津市,海洋能开发利用,天津市南开区芥园西道219号增1号
"相文玺',",国家海洋信息中心,天津市,物理海洋、海洋信息技术、海洋综合管理,天津市河东区六纬路93号
"向先全',",国家海洋信息中心,天津市,海洋信息化规划与设计、智慧海洋论证与实施、海洋环境科学与生态环境保护,天津市河东区六纬路93号
"邢',",国家海洋信息中心,天津市,海洋测绘,天津市河东区六纬路93号
"徐丛春',",国家海洋信息中心,天津市,海洋经济与规划,天津市河东区六纬路93号
"徐奉池',",国家海洋标准计量中心,天津市,海洋标准计量质量管理,天津市芥园西道219号
"徐克俊',",华北电力公司天津大港发电厂,天津市,海水淡化,天津市大港区千米桥北
"徐文斌',",国家海洋信息中心,天津市,海域海岛管理和档案管理,天津市河东区六纬路93号
"薛惠芬',",国家海洋信息中心,天津市,海洋数据和档案管理,天津市河东区六纬路93号
"薛群山',",中海油天津化工研究设计院,天津市,海洋化学,天津市红桥区丁字沽三号路85号
"羊志洪',",国家海洋信息中心,天津市,海洋战略、海洋法,天津市河东区六纬路93号
"杨锦坤',",国家海洋信息中心,天津市,海洋信息化能力建设，海洋信息资源管理,天津市河东区六纬路93号
"杨立',",国家海洋技术中心,天津市,质量管理以及标准化,天津市南开区芥园西道219号
"杨瑞',",国家海洋信息中心,天津市,海岛信息化、海岛管理政策,天津市河东区六纬路93号
"杨学群',",中交第一航务工程勘察设计院,天津市,工程造价,天津市大沽南路1007号
"杨翼',",国家海洋信息中心,天津市,海洋生态,天津市河东区六纬路93号
"杨鹰',",国家海洋信息中心,天津市,海洋文献,天津市河东区六纬路93号
"杨哲玲',",国家海洋标准计量中心,天津市,海洋标准计量质量管理,天津市芥园西道219号
"姚勇',",国家海洋标准计量中心,天津市,海洋标准计量质量管理,天津市芥园西道219号
"叶盛林',",国家海洋标准计量中心,天津市,海洋标准计量质量管理,天津市芥园西道219号
"殷汝广',",国家海洋信息中心,天津市,物理海洋、海洋信息技术、海洋综合管理,天津市河东区六纬路93号
"尹建华',",自然资源部天津海水淡化与综合利用研究所,天津市,海水直接利用,天津市南开区航海道55号
"于婷',",国家海洋信息中心,天津市,暂无,天津市河东区六纬路93号
"余建星',",天津大学,天津市,船舶与海洋工程,天津市南开区卫津路92号
"袁泽轶',",国家海洋信息中心,天津市,编辑出版、科技传播,天津市河东区六纬路93号
"岳晓峰',",国家海洋信息中心,天津市,海洋档案信息系统建设、海洋档案数字化建设、海洋数字化档案馆建设、海洋电子电子档案管理等,天津市河东区六纬路93号
"臧琦',",国家海洋信息中心,天津市,计算机及应用,天津市河东区六纬路93号
"翟伟康',",国家海洋信息中心,天津市,海域资源管理、海域使用现状监测与评价等,天津市河东区六纬路93号
"张宝峰',",天津理工大学,天津市,计量检测,天津市西青区宾水西道391号
"张宝泉',",天津大学,天津市,海洋化工,天津市南开区卫津路92号
"张大建',",天津市计量监督检测科学研究院,天津市,计量检测及管理,天津市南开区科研西路4号
"张东奇',",国家海洋信息中心,天津市,海洋权益战略研究,天津市河东区六纬路93号
"张冬生',",国家海洋信息中心,天津市,海洋气象观测资料标准化处理方法研究、全球海洋环境的长期变化对我国气候环境变化影响的研究、热带气旋(台风)的研究、应用性气候研究和海洋环境与灾害系统建设,天津市河东区六纬路93号
"张峰',",国家海洋信息中心,天津市,海岛信息化、海岛管理政策,天津市河东区六纬路93号
"张光玉',",交通部天津水运工程科研院,天津市,光电技术,天津市滨海新区塘沽新街二号路2618号
"张家凯',",自然资源部天津海水淡化与综合利用研究所,天津市,海水化学资源利用,天津市南开区航海道55号
"张建辉',",国家海洋信息中心,天津市,海洋权益维护技术及可视化产品研发,天津市河东区六纬路93号
"张建立',",国家海洋信息中心,天津市,潮汐潮流分析预报与海平面变化研究,天津市河东区六纬路93号
"张敬国',",天津市海洋局,天津市,质量管理以及标准化,天津市滨海新区海旭道渤海监测监视基地1号楼
"张镭',",国家海洋信息中心,天津市,信息技术、云计算、信息存储、信息安全,天津市河东区六纬路93号
"张连新',",国家海洋信息中心,天津市,海洋再分析与预报、数值模式、海气相互作用动力机制研究,天津市河东区六纬路93号
"张鹏',",国家海洋技术中心,天津市,海洋观测、监测 海洋可再生能源开发利用,天津市南开区芥园西道219号增1号
"张庆河',",天津大学,天津市,海洋化工,天津市南开区卫津路92号
"张少永',",国家海洋技术中心,天津市,海洋调查技术,天津市南开区芥园西道219号
"张锁平',",国家海洋技术中心,天津市,海洋观测技术,天津市南开区芥园西道219号
"张同',",国家海洋信息中心,天津市,暂无,天津市河东区六纬路93号
"张潇娴',",国家海洋信息中心,天津市,期刊编辑,天津市河东区六纬路93号
"张晓爽',",国家海洋信息中心,天津市,波浪大尺度效应、海洋气候变化、海洋环境业务保障,天津市河东区六纬路93号
"张秀芝',",自然资源部天津海水淡化与综合利用研究所,天津市,海水水质净化,天津市南开区航海道55号
"张选明',",国家海洋技术中心,天津市,海洋观测技术,天津市南开区芥园西道219号
"张艳杰',",国家海洋信息中心,天津市,海洋地理信息系统,天津市河东区六纬路93号
"张耀江',",自然资源部天津海水淡化与综合利用研究所,天津市,海水利用管理,天津市南开区航海道55号
"张旖',",自然资源部天津海水淡化与综合利用研究所,天津市,海水淡化与综合利用技术研究,天津市南开区航海道55号
"张义钧',",国家海洋信息中心,天津市,海洋科学,暂无
"张雨山',",自然资源部天津海水淡化与综合利用研究所,天津市,海水化学资源利用,天津市南开区航海道55号
"张增健',",国家海洋信息中心,天津市,海洋数据质控，图集制作，科学数据共享，海洋电子政务,天津市河东区六纬路93号
"张志敏',",中国市政工程华北设计研究院,天津市,海洋化学,天津市南开区科研西路4号
"章任群',",国家海洋信息中心,天津市,海洋GIS、海洋制图,天津市河东区六纬路93号
"赵冬岩',",海洋石油工程股份有限公司,天津市,海洋工程与机械,天津市滨海新区丹江路1078号
"赵河立',",自然资源部天津海水淡化与综合利用研究所,天津市,海水淡化,天津市南开区航海道55号
"赵立喜',",国家海洋信息中心,天津市,海洋法、海域管理,天津市河东区六纬路93号
"赵楠',",自然资源部天津海水淡化与综合利用研究所,天津市,海水利用管理,天津市南开区航海道55号
"赵鹏',",国家海洋信息中心,天津市,海洋经济规划与政策研究,天津市河东区六纬路93号
"赵锐',",国家海洋信息中心,天津市,暂无,天津市河东区六纬路93号
"赵新生',",国家海洋信息中心,天津市,海域海岛综合管理、 海域海岛使用信息化动态监管、海洋管理新技术研究与应用,天津市河东区六纬路93号
"赵宇梅',",国家海洋技术中心,天津市,海洋观监测技术,天津市南开区芥园西道219号
"赵智帮',",中交第一航务工程勘察设计院,天津市,港口工程设计,天津市大沽南路1007号
"郑',",自然资源部天津海水淡化与综合利用研究所,天津市,海洋防腐,天津市南开区航海道55号
"钟纪文',",国家海洋信息中心,天津市,"信息技术,信息安全",天津市河东区六纬路93号
"钟文军',",海洋石油工程股份有限公司,天津市,船舶工程,天津市滨海新区丹江路1078号
"周洪军',",国家海洋信息中心,天津市,海洋经济统计、核算、调查及标准研究,天津市河东区六纬路93号
"周美珍',",海洋石油工程股份有限公司,天津市,海油工程结构,天津市滨海新区丹江路1078号
"周延东',",海洋石油工程股份有限公司,天津市,船舶工程,天津市滨海新区丹江路1078号
"周燕遐',",国家海洋信息中心,天津市,海洋环境资料处理方法研究、业务化数据处理流程建设、数据质量控制方法研究、产品开发制作、相关标准与规范的制修定等,天津市河东区六纬路93号
"周怡圃',",国家海洋信息中心,天津市,海洋法、海洋政策、海洋战略,天津市河东区六纬路93号
"周智海',",国家海洋技术中心,天津市,海洋观测、监测 海洋可再生能源开发利用,天津市南开区芥园西道219号增1号
"朱建华',",国家海洋技术中心,天津市,海洋遥感,天津市南开区芥园西道219号增1号
"朱凌',",国家海洋信息中心,天津市,海洋经济,天津市河东区六纬路93号
"朱晓环',",海洋石油工程股份有限公司,天津市,船舶工程,天津市滨海新区丹江路1078号
"徐秉汉',",中国船舶重工集团公司第702研究所,暂无,舰艇结构,暂无
"陈景文',",大连理工大学,暂无,海洋科学,暂无
"丛丽娜',",大连工业大学,暂无,海洋生物,暂无
"崔励',",大连工业大学,暂无,应用化学专业领域精细化学品开发,暂无
"丁金华',",大连工业大学,暂无,机电一体化系统设计,暂无
"董晓丽',",大连工业大学,暂无,环境科学与工程,暂无
"董秀萍',",大连工业大学,暂无,环境科学与工程,暂无
"郭亚丽',",大连理工大学,暂无,海水淡化,暂无
"侯和胜',",辽宁师范大学,暂无,人文地理科研,暂无
"侯红漫',",大连工业大学,暂无,食品科学与工程,暂无
"侯林',",辽宁师范大学,暂无,海洋生物学,暂无
"黄俊彦',",大连工业大学,暂无,包装工程,暂无
"黄一',",大连理工大学,暂无,船舶与海洋工程,暂无
"黎胜',",大连理工大学,暂无,船舶与海洋工程,暂无
"李国强',",自然资源部海洋发展战略研究所,暂无,海洋管理,暂无
"李明颖',",大连工业大学,暂无,机电控制,暂无
"李宪臻',",大连工业大学,暂无,微生物资源与生物催化,暂无
"李新勇',",大连理工大学,暂无,环境催化与绿色化学,暂无
"林龙福',",总参谋部气象水文局,暂无,军事气象水文,暂无
"林焰',",大连理工大学,暂无,船舶与海洋结构物设计,暂无
"刘容子',",自然资源部海洋发展战略研究所,暂无,海洋经济与科技,暂无
"刘树雍',",中国船舶重工集团公司六九七一厂,暂无,水声工程,NULL
"刘晓华',",大连理工大学,暂无,海水淡化,暂无
"刘岩',",自然资源部海洋发展战略研究所,暂无,海洋政策,暂无
"刘玉君',",大连理工大学,暂无,船舶与海洋工程,暂无
"马坤',",大连理工大学,暂无,船舶与海洋结构物设计,暂无
"马学虎',",大连理工大学,暂无,海水淡化,暂无
"牟光庆',",大连工业大学,暂无,微生物资源及蛋白质资源利用,暂无
"年廷凯',",大连理工大学,暂无,地质灾害分析,暂无
"农绍庄',",大连工业大学,暂无,海珍品加工综合技术,暂无
"庞桂兵',",大连工业大学,暂无,海洋机械,暂无
"钱方',",大连工业大学,暂无,海洋生物技术及食品生物安全,暂无
"全燮',",大连理工大学,暂无,环境治理与修复,暂无
"任学慧',",辽宁师范大学,暂无,区域经济,暂无
"沈胜强',",大连理工大学,暂无,海水淡化,暂无
"宋向群',",大连理工大学,暂无,港口航道与海岸工程,暂无
"孙黎明',",大连工业大学,暂无,水产品加工及海洋天然产物活性研究,暂无
"孙玉梅',",大连工业大学,暂无,生物工程,暂无
"田晶',",大连工业大学,暂无,生物分析及生物活性物质研究,暂无
"王宝民',",大连理工大学,暂无,土木工程材料,暂无
"王宏伟',",辽宁师范大学,暂无,海藻多样性,暂无
"王际辉',",大连工业大学,暂无,食品安全,暂无
"王晓敏',",大连工业大学,暂无,包装工程,暂无
"薛文平',",大连工业大学,暂无,环境科学与工程专业,暂无
"薛永常',",大连工业大学,暂无,海洋放线菌筛选及其分子生物学功能分析,暂无
"阎丕涛',",大连工业大学,暂无,物联网,暂无
"杨继新',",大连工业大学,暂无,计算机辅助几何设计,暂无
"叶淑红',",大连工业大学,暂无,海洋资源的开发与利用及安全性研究,暂无
"于龙',",大连理工大学,暂无,海洋岩土工程,暂无
"岳前进',",大连理工大学,暂无,船舶与海洋工程,暂无
"翟钢军',",大连理工大学,暂无,海洋岩土工程,暂无
"张捍民',",大连理工大学,暂无,点面源水污染控制机资源化技术,暂无
"张恒庆',",辽宁师范大学,暂无,分子生态学,暂无
"张惠荣',",自然资源部海洋发展战略研究所,暂无,海洋管理,暂无
"张威',",辽宁师范大学,暂无,自然地理学,暂无
"张',",大连工业大学,暂无,食品科学与工程,暂无
"张宗申',",大连工业大学,暂无,海洋生物生长发育,暂无
"赵慧敏',",大连理工大学,暂无,环境污染物检测,暂无
"赵心清',",大连理工大学,暂无,环境污染物检测,暂无
"赵云鹏',",大连理工大学,暂无,渔业设施,暂无
"周大勇',",大连工业大学,暂无,海洋食物资源的研究与开发,暂无
"周集体',",大连理工大学,暂无,环境工程,暂无
"朱绍华',",海工安装公司,暂无,水产养殖,NULL
"宗智',",大连理工大学,暂无,船舶与海洋工程,暂无
"高从',",浙江工业大学,浙江省,海水淡化,山东省青岛市松岭路238号
"宫先仪',",中国船舶重工集团公司第七一五研究所,浙江省,海洋声信息处理,浙江省杭州市西湖区留下街道屏峰715号
"金翔龙',",自然资源部第二海洋研究所,浙江省,海底构造与海洋地球物理,浙江省杭州市西湖区保m北路36号
"李家彪',",自然资源部第二海洋研究所,浙江省,海底地质科学与海底探测工程技术,浙江省杭州市西湖区保m北路36号
"潘德炉',",自然资源部第二海洋研究所,浙江省,海洋遥感,浙江省杭州市西湖区保m北路36号
"柴雪良',",浙江省海洋水产养殖研究所,浙江省,海洋生物,浙江省温州市河通桥6-1号
"陈国海',",中国水电工程顾问集团华东勘测设计研究院,浙江省,水工及海洋能开发设计,浙江省杭州市高教路201号
"陈欢林',",浙江大学,浙江省,化学工程,浙江省杭州市西湖区余杭塘路388号
"陈鹏',",自然资源部第二海洋研究所,浙江省,环境生物学与生态学效应,浙江省杭州市西湖区保m北路36号
"陈荣华',",自然资源部第二海洋研究所,浙江省,海底构造与海洋地球物理,浙江省杭州市西湖区保m北路36号
"陈少波',",浙江省海洋水产养殖研究所,浙江省,海洋生物,浙江省温州市河通桥6-1号
"陈小龙',",浙江工业大学,浙江省,海洋药物,浙江省杭州市潮王路18号
"陈一宁',",自然资源部第二海洋研究所,浙江省,海岸带沉积动力过程,浙江省杭州市西湖区保m北路36号
"程军',",浙江大学,浙江省,能源环境工程,浙江省杭州市西湖区余杭塘路388号
"初凤友',",自然资源部第二海洋研究所,浙江省,海底构造与海洋地球物理,浙江省杭州市西湖区保m北路36号
"储张杰',",浙江海洋大学,浙江省,水产养殖,浙江省舟山市定海区海院路18号
"邓尚贵',",浙江海洋大学,浙江省,食品加工与安全,浙江省舟山市定海区海院路18号
"丁国芳',",浙江海洋大学,浙江省,海洋功能食品,浙江省舟山市定海区海院路18号
"丁雪燕',",浙江省水产技术推广总站,浙江省,海洋防灾减速灾,浙江省杭州市余杭区荆长路181号
"董学伟',",浙江海洋大学,浙江省,发酵工程与环境技术,暂无
"董志勇',",浙江工业大学,浙江省,食品微生物,浙江省杭州市潮王路18号
"方军',",浙江省海洋水产养殖研究所,浙江省,海洋生物,浙江省温州市河通桥6-1号
"方银霞',",自然资源部第二海洋研究所,浙江省,构造地质与大陆架划界,浙江省杭州市西湖区保m北路36号
"冯旭文',",自然资源部第二海洋研究所,浙江省,海洋化学,浙江省杭州市西湖区保m北路36号
"冯志敏',",宁波大学,浙江省,科技管理与船舶自动化,浙江省宁波市江北区风华路818号
"高海春',",浙江大学,浙江省,生物化学与分子生物学,浙江省杭州市西湖区余杭塘路388号
"高金耀',",自然资源部第二海洋研究所,浙江省,海洋地球物理,浙江省杭州市西湖区保m北路36号
"高生泉',",自然资源部第二海洋研究所,浙江省,海洋生物地球化学,浙江省杭州市西湖区保m北路36号
"龚顺风',",浙江大学,浙江省,结构工程,浙江省杭州市西湖区余杭塘路388号
"顾临怡',",浙江大学,浙江省,液压,浙江省杭州市西湖区余杭塘路388号
"管卫兵',",自然资源部第二海洋研究所,浙江省,近海环境动力学,浙江省杭州市西湖区保m北路36号
"郭远明',",浙江省海洋水产研究所,浙江省,海洋环境监测与预报,浙江省舟山市临城体育路28号
"韩兵男',",浙江大学,浙江省,海洋药物,浙江省杭州市西湖区余杭塘路388号
"韩军',",浙江大学,浙江省,海洋生产,浙江省杭州市西湖区余杭塘路388号
"韩喜彬',",自然资源部第二海洋研究所,浙江省,海底构造与海洋地球物理,浙江省杭州市西湖区保m北路36号
"韩喜球',",自然资源部第二海洋研究所,浙江省,洋中脊热液系统与大陆边缘冷泉系统,浙江省杭州市西湖区保m北路36号
"韩志强',",浙江海洋大学,浙江省,渔业资源生物学,浙江省舟山市定海区海院路18号
"何熊熊',",浙江工业大学,浙江省,食品微生物,浙江省杭州市潮王路18号
"贺治国',",浙江大学,浙江省,港口海岸及近海工程,浙江省杭州市西湖区余杭塘路388号
"胡海燕',",浙江海洋大学,浙江省,海洋能源,浙江省舟山市定海区海院路18号
"胡亚芹',",浙江大学,浙江省,水产品加工与贮藏工程,浙江省杭州市西湖区余杭塘路388号
"扈传昱',",自然资源部第二海洋研究所,浙江省,极地海洋生物地球化学研究,浙江省杭州市西湖区保m北路36号
"黄大吉',",自然资源部第二海洋研究所,浙江省,近海海洋动力学,浙江省杭州市西湖区保m北路36号
"黄亦真',",宁波大学,浙江省,水处理技术研究,浙江省宁波市江北区风华路818号
"计金华',",中国水电工程顾问集团华东勘测设计研究院,浙江省,规划及海洋能开发设计,浙江省杭州市高教路201号
"贾建军',",自然资源部第二海洋研究所,浙江省,河口海岸学,浙江省杭州市西湖区保m北路36号
"蒋霞敏',",宁波大学,浙江省,水产养殖,浙江省宁波市江北区风华路818号
"金波',",浙江大学,浙江省,机电控制,浙江省杭州市西湖区余杭塘路388号
"金涛',",浙江大学,浙江省,水产养殖,浙江省杭州市西湖区余杭塘路388号
"金伟良',",浙江大学,浙江省,结构工程,浙江省杭州市西湖区余杭塘路388号
"瞿逢重',",浙江大学,浙江省,潮汐潮流和海洋环流研究 海洋环境数值模拟,浙江省杭州市西湖区余杭塘路388号
"来向华',",自然资源部第二海洋研究所,浙江省,海洋地质灾害与海洋工程环境安全研究,浙江省杭州市西湖区保m北路36号
"冷建兴',",浙江大学,浙江省,船舶与海洋工程,浙江省杭州市西湖区余杭塘路388号
"黎明碧',",自然资源部第二海洋研究所,浙江省,地震资料解释,浙江省杭州市西湖区保m北路36号
"李伯根',",自然资源部第二海洋研究所,浙江省,海岸动力地貌沉积,浙江省杭州市西湖区保m北路36号
"李德骏',",浙江大学,浙江省,机电控制,浙江省杭州市西湖区余杭塘路388号
"李登峰',",宁波大学,浙江省,海洋生物,浙江省宁波市江北区风华路818号
"李峰',",自然资源部第二海洋研究所,浙江省,物理海洋，海洋水文,浙江省杭州市西湖区保m北路36号
"李加林',",宁波大学,浙江省,海岸海洋科学,浙江省宁波市江北区风华路818号
"李明云',",宁波大学,浙江省,海洋生物,浙江省宁波市江北区风华路818号
"李伟',",浙江大学,浙江省,食品微生物,浙江省杭州市西湖区余杭塘路388号
"李小虎',",自然资源部第二海洋研究所,浙江省,海底资源与成矿系统,浙江省杭州市保m北路36号
"廖光洪',",自然资源部第二海洋研究所,浙江省,海岸动力地貌沉积,浙江省杭州市西湖区保m北路36号
"林少珍',",浙江省海洋水产养殖研究所,浙江省,海洋生物,浙江省温州市河通桥6-1号
"林勇刚',",浙江大学,浙江省,机电工程,浙江省杭州市西湖区余杭塘路388号
"林志华',",浙江万里学院,浙江省,海洋生物学,浙江省宁波市钱湖南路8号
"刘广绪',",浙江大学,浙江省,海洋生物,浙江省杭州市西湖区余杭塘路388号
"刘仁义',",浙江大学,浙江省,机械电子工程,浙江省杭州市西湖区余杭塘路388号
"刘增宏',",自然资源部第二海洋研究所,浙江省,物理海洋调查分析,浙江省杭州市西湖区保m北路36号
"刘镇盛',",自然资源部第二海洋研究所,浙江省,海洋生态,浙江省杭州市西湖区保m北路36号
"龙江平',",自然资源部第二海洋研究所,浙江省,海洋地球化学,浙江省杭州市西湖区保m北路36号
"楼宝',",浙江省海洋水产研究所,浙江省,渔情海况遥感信息获取,浙江省舟山市临城体育路28号
"楼L林',",自然资源部第二海洋研究所,浙江省,近海海洋环境遥感,浙江省杭州市西湖区保m北路36号
"楼章华',",浙江大学,浙江省,船舶与海洋工程,浙江省杭州市西湖区余杭塘路388号
"陆建新',",浙江省海洋监测预报中心,浙江省,海洋防灾减速灾,浙江省杭州市天目山路102号
"骆其君',",宁波大学,浙江省,水产养殖,浙江省宁波市江北区风华路818号
"马忠俊',",浙江大学,浙江省,海洋科学,浙江省杭州市西湖区余杭塘路388号
"苗振清',",浙江海洋大学,浙江省,海洋渔业资源与生态环境,浙江省舟山市定海区海院路18号
"穆军',",浙江海洋大学,浙江省,发酵工程与环境技术,暂无
"倪建宇',",自然资源部第二海洋研究所,浙江省,海洋地球化学,浙江省杭州市西湖区保m北路36号
"欧阳小琨',",浙江海洋大学,浙江省,海洋药物,浙江省舟山市定海区海院路18号
"潘建明',",自然资源部第二海洋研究所,浙江省,海洋地球化学,浙江省杭州市西湖区保m北路36号
"潘巧明',",杭州水处理技术研究开发中心有限公司,浙江省,膜分离,浙江省杭州市西湖区文一西路50号
"钱国英',",浙江万里学院,浙江省,海洋生物学,浙江省宁波市钱湖南路8号
"钱俊青',",浙江工业大学,浙江省,海洋药物,浙江省杭州市潮王路18号
"阮爱国',",自然资源部第二海洋研究所,浙江省,海洋地震探测与海底构造调查,浙江省杭州市西湖区保m北路36号
"阮啸',",浙江大学,浙江省,海洋考古,浙江省杭州市西湖区余杭塘路388号
"邵建忠',",浙江大学,浙江省,机械电子工程,浙江省杭州市西湖区余杭塘路388号
"邵庆均',",浙江大学,浙江省,水产养殖,浙江省杭州市西湖区余杭塘路388号
"沈斌坚',",中船重工第七一五研究所,浙江省,水声工程,浙江省杭州市西湖区留下街道屏峰715号
"沈江南',",浙江工业大学,浙江省,食品微生物,浙江省杭州市潮王路18号
"施伟勇',",自然资源部第二海洋研究所,浙江省,海洋工程水文气象环境勘测与评价,浙江省杭州市西湖区保m北路36号
"时连强',",自然资源部第二海洋研究所,浙江省,河口海岸动力沉积学与动力地貌过程研究,浙江省杭州市西湖区保m北路36号
"宋开臣',",浙江大学,浙江省,测试计量技术及仪器,浙江省杭州市西湖区余杭塘路388号
"宋伟华',",浙江海洋大学,浙江省,海洋生物养殖设施,浙江省舟山市定海区海院路18号
"宋夏云',",宁波大学,浙江省,财务会计与内部控制,浙江省宁波市江北区风华路818号
"苏秀榕',",宁波大学,浙江省,海洋资源的综合利用,浙江省宁波市江北区风华路818号
"孙志林',",浙江大学,浙江省,港口海岸及近海工程,浙江省杭州市西湖区余杭塘路388号
"谭永文',",杭州水处理技术研究开发中心有限公司,浙江省,海水淡化,浙江省杭州市西湖区文一西路50号
"谭勇华',",自然资源部第二海洋研究所,浙江省,无居民海岛保护与利用规划,浙江省杭州市西湖区保m北路36号
"唐勇',",自然资源部第二海洋研究所,浙江省,海洋地球物理及大陆架划界,浙江省杭州市西湖区保m北路36号
"唐志波',",浙江海洋大学,浙江省,海洋能源,浙江省舟山市定海区海院路18号
"陶春辉',",自然资源部第二海洋研究所,浙江省,国际海底区域多金属硫化物资源调查与研究,浙江省杭州市西湖区保m北路36号
"田景奎',",浙江大学,浙江省,生药学,浙江省杭州市西湖区余杭塘路388号
"万占鸿',",浙江大学,浙江省,港口海岸及近海工程,浙江省杭州市西湖区余杭塘路388号
"汪鹏君',",宁波大学,浙江省,科技管理与船舶自动化,浙江省宁波市江北区风华路818号
"汪一航',",宁波大学,浙江省,物理海洋学,浙江省宁波市江北区风华路818号
"王诚',",浙江大学,浙江省,港口海岸及近海工程,浙江省杭州市西湖区余杭塘路388号
"王赤忠',",浙江大学,浙江省,船舶与海洋工程结构物设计制造,浙江省杭州市西湖区余杭塘路388号
"王春琳',",宁波大学,浙江省,水产养殖,浙江省宁波市江北区风华路818号
"王春生',",自然资源部第二海洋研究所,浙江省,海洋生态,浙江省杭州市西湖区保m北路36号
"王桂华',",自然资源部第二海洋研究所,浙江省,海气相互作用与海洋环流,浙江省杭州市西湖区保m北路36号
"王国良',",宁波大学,浙江省,海水养殖科学,浙江省宁波市江北区风华路818号
"王林翔',",浙江大学,浙江省,机械电子工程,浙江省杭州市西湖区余杭塘路388号
"王平',",浙江工业大学,浙江省,海洋药物,浙江省杭州市潮王路18号
"王普',",浙江工业大学,浙江省,海洋药物,浙江省杭州市潮王路18号
"王伟定',",浙江省海洋水产研究所,浙江省,渔情海况遥感信息获取,浙江省舟山市临城体育路28号
"王小波',",自然资源部第二海洋研究所,浙江省,海岛开发与管理,浙江省杭州市西湖区保m北路36号
"王亚军',",浙江工业大学,浙江省,海洋药物,浙江省杭州市潮王路18号
"王迎宾',",浙江海洋大学,浙江省,渔业资源学,浙江省舟山市定海区海院路18号
"王志铮',",浙江海洋大学,浙江省,海洋渔业,浙江省舟山市定海区海院路18号
"魏江',",浙江大学,浙江省,战略管理,浙江省杭州市西湖区余杭塘路388号
"毋瑾超',",自然资源部第二海洋研究所,浙江省,海岛生态修复与环境保护,浙江省杭州市西湖区保m北路36号
"吴常文',",浙江海洋大学,浙江省,海洋生物学,浙江省舟山市定海区海院路18号
"吴敏',",浙江大学,浙江省,生物化学与分子生物学,浙江省杭州市西湖区余杭塘路388号
"吴巧燕',",自然资源部第二海洋研究所,浙江省,海洋环流与气候,浙江省杭州市西湖区保m北路36号
"吴月红',",自然资源部第二海洋研究所,浙江省,微生物资源与应用,浙江省杭州市保m北路36号7号楼
"吴自银',",自然资源部第二海洋研究所,浙江省,海底地形地貌探测与研究,浙江省杭州市西湖区保m北路36号
"武光海',",自然资源部第二海洋研究所,浙江省,海洋地球化学,浙江省杭州市西湖区保m北路36号
"夏枚生',",浙江大学,浙江省,海洋化学,浙江省杭州市西湖区余杭塘路388号
"夏小明',",自然资源部第二海洋研究所,浙江省,海底地形地貌探测与研究,浙江省杭州市西湖区保m北路36号
"谢起浪',",浙江省海洋水产养殖研究所,浙江省,海洋环境监测与预报,浙江省温州市河通桥6-1号
"谢英俊',",浙江大学,浙江省,机械电子工程,浙江省杭州市西湖区余杭塘路388号
"徐汉祥',",浙江省海洋水产研究所,浙江省,渔情海况遥感信息获取,浙江省舟山市临城体育路28号
"徐金钟',",浙江大学,浙江省,海洋科学,浙江省杭州市西湖区余杭塘路388号
"徐君卓',",浙江省海洋水产研究所,浙江省,渔情海况遥感信息获取,浙江省舟山市临城体育路28号
"徐年军',",宁波大学,浙江省,海洋生物学,浙江省宁波市江北区风华路818号
"徐永健',",宁波大学,浙江省,近海生态学,浙江省宁波市江北区风华路818号
"许文军',",浙江省海洋水产研究所,浙江省,渔情海况遥感信息获取,浙江省舟山市临城体育路28号
"许学伟',",自然资源部第二海洋研究所,浙江省,海洋环境保护,浙江省杭州市西湖区保m北路36号
"严小军',",浙江海洋大学,浙江省,藻类生化技术与生物修复,浙江省舟山市定海区海院路18号
"杨波',",杭州水处理技术研究开发中心有限公司,浙江省,海水淡化,浙江省杭州市西湖区文一西路50号
"杨灿军',",浙江大学,浙江省,机械电子工程,浙江省杭州市西湖区余杭塘路388号
"杨辉',",自然资源部第二海洋研究所,浙江省,海底构造与海洋地球物理,浙江省杭州市西湖区保m北路36号
"杨季芳',",浙江万里学院,浙江省,海洋生物学,浙江省宁波市钱湖南路8号
"杨劲松',",自然资源部第二海洋研究所,浙江省,海底构造与海洋地球物理,浙江省杭州市西湖区保m北路36号
"杨卫军',",浙江大学,浙江省,生化与分子生物学,浙江省杭州市西湖区余杭塘路388号
"杨文鸽',",宁波大学,浙江省,水产品加工及贮藏工程,浙江省宁波市江北区风华路818号
"杨义菊',",自然资源部第二海洋研究所,浙江省,海洋信息化、海洋经济、海洋战略规划与法律,浙江省杭州市西湖区保m北路36号
"杨志坚',",浙江大学,浙江省,食品微生物,浙江省杭州市西湖区余杭塘路388号
"姚炎明',",浙江大学,浙江省,港口海岸及近海工程,浙江省杭州市西湖区余杭塘路388号
"叶银灿',",自然资源部第二海洋研究所,浙江省,海洋工程地质与工程地球物理,浙江省杭州市西湖区保m北路36号
"叶瑛',",浙江大学,浙江省,海底构造与海洋地球物理,浙江省杭州市西湖区余杭塘路388号
"应国清',",浙江工业大学,浙江省,海洋药物,浙江省杭州市潮王路18号
"应元康',",自然资源部第二海洋研究所,浙江省,海洋测绘,浙江省杭州市西湖区保m北路36号
"于晓果',",自然资源部第二海洋研究所,浙江省,有机地球化学,浙江省杭州市西湖区保m北路36号
"俞存根',",浙江海洋大学,浙江省,海洋渔业,浙江省舟山市定海区海院路18号
"虞聪达',",浙江海洋大学,浙江省,渔具理论,浙江省舟山市定海区海院路18号
"曾淦宁',",浙江工业大学,浙江省,食品微生物,浙江省杭州市潮王路18号
"曾国权',",浙江省海洋水产养殖研究所,浙江省,海洋生物,浙江省温州市河通桥6-1号
"曾江宁',",自然资源部第二海洋研究所,浙江省,环境生物学与生态学效应,浙江省杭州市西湖区保m北路36号
"张德民',",宁波大学,浙江省,水产品加工及贮藏工程,浙江省宁波市江北区风华路818号
"张端',",浙江工业大学,浙江省,食品微生物,浙江省杭州市潮王路18号
"张富元',",自然资源部第二海洋研究所,浙江省,海洋沉积学,浙江省杭州市西湖区保m北路36号
"张国亮',",浙江工业大学,浙江省,海洋食品科学,浙江省杭州市潮王路18号
"张华国',",自然资源部第二海洋研究所,浙江省,海岛海岸带遥感与地理信息系统,浙江省杭州市西湖区保m北路36号
"张健',",自然资源部第二海洋研究所,浙江省,有机地球化学,浙江省杭州市西湖区保m北路36号
"张文',",浙江工业大学,浙江省,海洋药物,浙江省杭州市潮王路18号
"张亦飞',",自然资源部第二海洋研究所,浙江省,海岸工程学,浙江省杭州市西湖区保m北路36号
"张英',",浙江大学,浙江省,海底构造与海洋地球物理,浙江省杭州市西湖区余杭塘路388号
"张治针',",浙江大学,浙江省,天然产物化学,浙江省杭州市西湖区余杭塘路388号
"章华伟',",浙江工业大学,浙江省,海洋药物,浙江省杭州市潮王路18号
"章晓波',",浙江大学,浙江省,生物化学与分子生物学,浙江省杭州市西湖区余杭塘路388号
"赵宏樵',",自然资源部第二海洋研究所,浙江省,海洋地球化学,浙江省杭州市西湖区保m北路36号
"赵培城',",浙江工业大学,浙江省,海洋药物,浙江省杭州市潮王路18号
"郑根江',",杭州水处理技术研究开发中心有限公司,浙江省,功能膜材料,浙江省杭州市西湖区文一西路50号
"周朝生',",浙江省海洋水产养殖研究所,浙江省,海洋生物,浙江省温州市河通桥6-1号
"周锋',",自然资源部第二海洋研究所,浙江省,生态动力学,浙江省杭州市西湖区保m北路36号
"周磊',",自然资源部第二海洋研究所,浙江省,海洋大气动力学,浙江省杭州市西湖区保m北路36号
"周利生',",中船重工第七一五研究所,浙江省,水声工程,浙江省杭州市西湖区留下街道屏峰715号
"周歧存',",宁波大学,浙江省,水产养殖,浙江省宁波市江北区风华路818号
"周燕',",浙江省水产技术推广总站,浙江省,海洋环境监测与预报,浙江省杭州市余杭区荆长路181号
"周勇',",杭州水处理技术研究开发中心有限公司,浙江省,功能膜材料,浙江省杭州市西湖区文一西路50号
"周争鸣',",水利部杭州机械设计研究所,浙江省,电机,浙江省杭州市西湖区学院路102号
"邹涛',",浙江工业大学,浙江省,食品微生物,浙江省杭州市潮王路18号
